Mate,NAME,Pos.#,Barcode,Length,Width,Thickness,Length2,Width2,Thickness2,Top,Bottom,Edge 1,Edge 2,Edge 3,Edge 4,Qty
GP_HDH_36_5900_BS,Int LS Filler 36mm,02.26Y125T4F6A2_1076,02.26Y125T4F6A2_1076,150,470,36,148.8,468.8,0,GP_5900_FABRIC_CREAM_MAT,GP_5900_FABRIC_CREAM_MAT,E3_2098_Fabric28_1MM,E3_2098_Fabric28_1MM,E3_2098_Fabric28_1MM,E3_2098_Fabric28_1MM,1
GP_HDH_36_5900_BS,Int RS Filler 36 mm,02.26Y125T4F6A2_1079,02.26Y125T4F6A2_1079,150,470,36,148.8,468.8,0,GP_5900_FABRIC_CREAM_MAT,GP_5900_FABRIC_CREAM_MAT,E3_2098_Fabric28_1MM,E3_2098_Fabric28_1MM,E3_2098_Fabric28_1MM,E3_2098_Fabric28_1MM,1
GP_HDH_6_5900_BS,Drawer Bottom,02.26Y125T4F6A2_1090,02.26Y125T4F6A2_1090,478.5,421,6,478.5,421,0,GP_5900_FABRIC_CREAM_MAT,GP_5900_FABRIC_CREAM_MAT,PRF_00,PRF_00,PRF_00,PRF_00,1
GP_HDH_6_5900_BS,Drawer Bottom,02.26Y125T4F6A2_1085,02.26Y125T4F6A2_1085,478.5,421,6,478.5,421,0,GP_5900_FABRIC_CREAM_MAT,GP_5900_FABRIC_CREAM_MAT,PRF_00,PRF_00,PRF_00,PRF_00,1
GP_HDH17_5900_BS,Drawer Front,02.26Y125T4F6A2_1077,02.26Y125T4F6A2_1077,146,531.5,17,144.8,530.3,0,GP_5900_FABRIC_CREAM_MAT,GP_5900_FABRIC_CREAM_MAT,E3_2098_Fabric28_1MM,E3_2098_Fabric28_1MM,E3_2098_Fabric28_1MM,E3_2098_Fabric28_1MM,1
GP_HDH17_5900_BS,Drawer Front,02.26Y125T4F6A2_1080,02.26Y125T4F6A2_1080,146,531.5,17,144.8,530.3,0,GP_5900_FABRIC_CREAM_MAT,GP_5900_FABRIC_CREAM_MAT,E3_2098_Fabric28_1MM,E3_2098_Fabric28_1MM,E3_2098_Fabric28_1MM,E3_2098_Fabric28_1MM,1
GP_HDH17_5900_BS,Drawer front INT,02.26Y125T4F6A2_1086,02.26Y125T4F6A2_1086,468.5,80,17,467.3,79.6,0,GP_5900_FABRIC_CREAM_MAT,GP_5900_FABRIC_CREAM_MAT,PRF_00,E3_2098_Fabric28_1MM,E3_2098_Fabric28_1MM,E3_2098_Fabric28_1MM,1
GP_HDH17_5900_BS,Drawer Side RHS,02.26Y125T4F6A2_1087,02.26Y125T4F6A2_1087,450,110,17,448.8,108.8,0,GP_5900_FABRIC_CREAM_MAT,GP_5900_FABRIC_CREAM_MAT,E3_2098_Fabric28_1MM,E3_2098_Fabric28_1MM,E3_2098_Fabric28_1MM,E3_2098_Fabric28_1MM,1
GP_HDH17_5900_BS,Drawer Back,02.26Y125T4F6A2_1088,02.26Y125T4F6A2_1088,468.5,110,17,467.3,109.6,0,GP_5900_FABRIC_CREAM_MAT,GP_5900_FABRIC_CREAM_MAT,PRF_00,E3_2098_Fabric28_1MM,E3_2098_Fabric28_1MM,E3_2098_Fabric28_1MM,1
GP_HDH17_5900_BS,Drawer Side LHS,02.26Y125T4F6A2_1089,02.26Y125T4F6A2_1089,450,110,17,448.8,108.8,0,GP_5900_FABRIC_CREAM_MAT,GP_5900_FABRIC_CREAM_MAT,E3_2098_Fabric28_1MM,E3_2098_Fabric28_1MM,E3_2098_Fabric28_1MM,E3_2098_Fabric28_1MM,1
GP_HDH17_5900_BS,Drawer front INT,02.26Y125T4F6A2_1081,02.26Y125T4F6A2_1081,468.5,80,17,467.3,79.6,0,GP_5900_FABRIC_CREAM_MAT,GP_5900_FABRIC_CREAM_MAT,PRF_00,E3_2098_Fabric28_1MM,E3_2098_Fabric28_1MM,E3_2098_Fabric28_1MM,1
GP_HDH17_5900_BS,Drawer Side RHS,02.26Y125T4F6A2_1082,02.26Y125T4F6A2_1082,450,110,17,448.8,108.8,0,GP_5900_FABRIC_CREAM_MAT,GP_5900_FABRIC_CREAM_MAT,E3_2098_Fabric28_1MM,E3_2098_Fabric28_1MM,E3_2098_Fabric28_1MM,E3_2098_Fabric28_1MM,1
GP_HDH17_5900_BS,Drawer Back,02.26Y125T4F6A2_1083,02.26Y125T4F6A2_1083,468.5,110,17,467.3,109.6,0,GP_5900_FABRIC_CREAM_MAT,GP_5900_FABRIC_CREAM_MAT,PRF_00,E3_2098_Fabric28_1MM,E3_2098_Fabric28_1MM,E3_2098_Fabric28_1MM,1
GP_HDH17_5900_BS,Drawer Side LHS,02.26Y125T4F6A2_1084,02.26Y125T4F6A2_1084,450,110,17,448.8,108.8,0,GP_5900_FABRIC_CREAM_MAT,GP_5900_FABRIC_CREAM_MAT,E3_2098_Fabric28_1MM,E3_2098_Fabric28_1MM,E3_2098_Fabric28_1MM,E3_2098_Fabric28_1MM,1
GP_HDH_36_5900_BS,Int RS Filler 36 mm,03.26Y125T4F6A3_1079,03.26Y125T4F6A3_1079,200,470,36,198.8,468.8,0,GP_5900_FABRIC_CREAM_MAT,GP_5900_FABRIC_CREAM_MAT,E3_2098_Fabric28_1MM,E3_2098_Fabric28_1MM,E3_2098_Fabric28_1MM,E3_2098_Fabric28_1MM,1
GP_HDH_36_5900_BS,Int RS Filler 36 mm,03.26Y125T4F6A3_1153,03.26Y125T4F6A3_1153,200,313,36,198.8,311.8,0,GP_5900_FABRIC_CREAM_MAT,GP_5900_FABRIC_CREAM_MAT,E3_2098_Fabric28_1MM,E3_2098_Fabric28_1MM,E3_2098_Fabric28_1MM,E3_2098_Fabric28_1MM,1
GP_HDH_6_5900_BS,Drawer Bottom,03.26Y125T4F6A3_1148,03.26Y125T4F6A3_1148,396.5,426,6,396.5,426,0,GP_5900_FABRIC_CREAM_MAT,GP_5900_FABRIC_CREAM_MAT,PRF_00,PRF_00,PRF_00,PRF_00,1
GP_HDH_6_5900_BS,Drawer Bottom,03.26Y125T4F6A3_1158,03.26Y125T4F6A3_1158,396.5,276,6,396.5,276,0,GP_5900_FABRIC_CREAM_MAT,GP_5900_FABRIC_CREAM_MAT,PRF_00,PRF_00,PRF_00,PRF_00,1
GP_HDH17_5900_BS,Drawer Front,03.26Y125T4F6A3_1152,03.26Y125T4F6A3_1152,198,461,17,196.8,459.8,0,GP_5900_FABRIC_CREAM_MAT,GP_5900_FABRIC_CREAM_MAT,E3_2098_Fabric28_1MM,E3_2098_Fabric28_1MM,E3_2098_Fabric28_1MM,E3_2098_Fabric28_1MM,1
GP_HDH17_5900_BS,Drawer Front,03.26Y125T4F6A3_1143,03.26Y125T4F6A3_1143,198,461,17,196.8,459.8,0,GP_5900_FABRIC_CREAM_MAT,GP_5900_FABRIC_CREAM_MAT,E3_2098_Fabric28_1MM,E3_2098_Fabric28_1MM,E3_2098_Fabric28_1MM,E3_2098_Fabric28_1MM,1
GP_HDH17_5900_BS,Drawer front INT,03.26Y125T4F6A3_1144,03.26Y125T4F6A3_1144,386.5,110,17,385.3,109.6,0,GP_5900_FABRIC_CREAM_MAT,GP_5900_FABRIC_CREAM_MAT,PRF_00,E3_2098_Fabric28_1MM,E3_2098_Fabric28_1MM,E3_2098_Fabric28_1MM,1
GP_HDH17_5900_BS,Drawer Side RHS,03.26Y125T4F6A3_1145,03.26Y125T4F6A3_1145,450,140,17,448.8,138.8,0,GP_5900_FABRIC_CREAM_MAT,GP_5900_FABRIC_CREAM_MAT,E3_2098_Fabric28_1MM,E3_2098_Fabric28_1MM,E3_2098_Fabric28_1MM,E3_2098_Fabric28_1MM,1
GP_HDH17_5900_BS,Drawer Back,03.26Y125T4F6A3_1146,03.26Y125T4F6A3_1146,386.5,140,17,385.3,139.6,0,GP_5900_FABRIC_CREAM_MAT,GP_5900_FABRIC_CREAM_MAT,PRF_00,E3_2098_Fabric28_1MM,E3_2098_Fabric28_1MM,E3_2098_Fabric28_1MM,1
GP_HDH17_5900_BS,Drawer Side LHS,03.26Y125T4F6A3_1147,03.26Y125T4F6A3_1147,450,140,17,448.8,138.8,0,GP_5900_FABRIC_CREAM_MAT,GP_5900_FABRIC_CREAM_MAT,E3_2098_Fabric28_1MM,E3_2098_Fabric28_1MM,E3_2098_Fabric28_1MM,E3_2098_Fabric28_1MM,1
GP_HDH17_5900_BS,Drawer front INT,03.26Y125T4F6A3_1154,03.26Y125T4F6A3_1154,386.5,110,17,385.3,109.6,0,GP_5900_FABRIC_CREAM_MAT,GP_5900_FABRIC_CREAM_MAT,PRF_00,E3_2098_Fabric28_1MM,E3_2098_Fabric28_1MM,E3_2098_Fabric28_1MM,1
GP_HDH17_5900_BS,Drawer Side RHS,03.26Y125T4F6A3_1155,03.26Y125T4F6A3_1155,300,140,17,298.8,138.8,0,GP_5900_FABRIC_CREAM_MAT,GP_5900_FABRIC_CREAM_MAT,E3_2098_Fabric28_1MM,E3_2098_Fabric28_1MM,E3_2098_Fabric28_1MM,E3_2098_Fabric28_1MM,1
GP_HDH17_5900_BS,Drawer Back,03.26Y125T4F6A3_1156,03.26Y125T4F6A3_1156,386.5,140,17,385.3,139.6,0,GP_5900_FABRIC_CREAM_MAT,GP_5900_FABRIC_CREAM_MAT,PRF_00,E3_2098_Fabric28_1MM,E3_2098_Fabric28_1MM,E3_2098_Fabric28_1MM,1
GP_HDH17_5900_BS,Drawer Side LHS,03.26Y125T4F6A3_1157,03.26Y125T4F6A3_1157,300,140,17,298.8,138.8,0,GP_5900_FABRIC_CREAM_MAT,GP_5900_FABRIC_CREAM_MAT,E3_2098_Fabric28_1MM,E3_2098_Fabric28_1MM,E3_2098_Fabric28_1MM,E3_2098_Fabric28_1MM,1
GP_HDH_36_5900_BS,Int RS Filler 36 mm,02.26Y125T4F10D1_1010,02.26Y125T4F10D1_1010,150,470,36,148.8,468.8,0,GP_5900_FABRIC_CREAM_MAT,GP_5900_FABRIC_CREAM_MAT,E3_2098_Fabric28_1MM,E3_2098_Fabric28_1MM,E3_2098_Fabric28_1MM,E3_2098_Fabric28_1MM,1
GP_HDH_36_5900_BS,Int LS Filler 36mm,02.26Y125T4F10D1_1011,02.26Y125T4F10D1_1011,150,470,36,148.8,468.8,0,GP_5900_FABRIC_CREAM_MAT,GP_5900_FABRIC_CREAM_MAT,E3_2098_Fabric28_1MM,E3_2098_Fabric28_1MM,E3_2098_Fabric28_1MM,E3_2098_Fabric28_1MM,1
GP_HDH_6_5900_BS,Drawer Bottom,02.26Y125T4F10D1_1064,02.26Y125T4F10D1_1064,654,421,6,654,421,0,GP_5900_FABRIC_CREAM_MAT,GP_5900_FABRIC_CREAM_MAT,PRF_00,PRF_00,PRF_00,PRF_00,1
GP_HDH17_5900_BS,Drawer Front,02.26Y125T4F10D1_1012,02.26Y125T4F10D1_1012,146,708,17,144.8,706.8,0,GP_5900_FABRIC_CREAM_MAT,GP_5900_FABRIC_CREAM_MAT,E3_2098_Fabric28_1MM,E3_2098_Fabric28_1MM,E3_2098_Fabric28_1MM,E3_2098_Fabric28_1MM,1
GP_HDH17_5900_BS,Drawer front INT,02.26Y125T4F10D1_1060,02.26Y125T4F10D1_1060,644,80,17,642.8,79.6,0,GP_5900_FABRIC_CREAM_MAT,GP_5900_FABRIC_CREAM_MAT,,E3_2098_Fabric28_1MM,E3_2098_Fabric28_1MM,E3_2098_Fabric28_1MM,1
GP_HDH17_5900_BS,Drawer Side RHS,02.26Y125T4F10D1_1061,02.26Y125T4F10D1_1061,450,110,17,448.8,108.8,0,GP_5900_FABRIC_CREAM_MAT,GP_5900_FABRIC_CREAM_MAT,E3_2098_Fabric28_1MM,E3_2098_Fabric28_1MM,E3_2098_Fabric28_1MM,E3_2098_Fabric28_1MM,1
GP_HDH17_5900_BS,Drawer Back,02.26Y125T4F10D1_1062,02.26Y125T4F10D1_1062,644,110,17,642.8,109.6,0,GP_5900_FABRIC_CREAM_MAT,GP_5900_FABRIC_CREAM_MAT,,E3_2098_Fabric28_1MM,E3_2098_Fabric28_1MM,E3_2098_Fabric28_1MM,1
GP_HDH17_5900_BS,Drawer Side LHS,02.26Y125T4F10D1_1063,02.26Y125T4F10D1_1063,450,110,17,448.8,108.8,0,GP_5900_FABRIC_CREAM_MAT,GP_5900_FABRIC_CREAM_MAT,E3_2098_Fabric28_1MM,E3_2098_Fabric28_1MM,E3_2098_Fabric28_1MM,E3_2098_Fabric28_1MM,1
GP_HDH_36_5900_BS,Int LS Filler 36mm,02.26Y125T4F10D2_1076,02.26Y125T4F10D2_1076,150,470,36,148.8,468.8,0,GP_5900_FABRIC_CREAM_MAT,GP_5900_FABRIC_CREAM_MAT,E3_2098_Fabric28_1MM,E3_2098_Fabric28_1MM,E3_2098_Fabric28_1MM,E3_2098_Fabric28_1MM,1
GP_HDH_36_5900_BS,Int RS Filler 36 mm,02.26Y125T4F10D2_1079,02.26Y125T4F10D2_1079,150,470,36,148.8,468.8,0,GP_5900_FABRIC_CREAM_MAT,GP_5900_FABRIC_CREAM_MAT,E3_2098_Fabric28_1MM,E3_2098_Fabric28_1MM,E3_2098_Fabric28_1MM,E3_2098_Fabric28_1MM,1
GP_HDH_6_5900_BS,Drawer Bottom,02.26Y125T4F10D2_1090,02.26Y125T4F10D2_1090,483.5,421,6,483.5,421,0,GP_5900_FABRIC_CREAM_MAT,GP_5900_FABRIC_CREAM_MAT,PRF_00,PRF_00,PRF_00,PRF_00,1
GP_HDH_6_5900_BS,Drawer Bottom,02.26Y125T4F10D2_1085,02.26Y125T4F10D2_1085,483.5,421,6,483.5,421,0,GP_5900_FABRIC_CREAM_MAT,GP_5900_FABRIC_CREAM_MAT,PRF_00,PRF_00,PRF_00,PRF_00,1
GP_HDH17_5900_BS,Drawer Front,02.26Y125T4F10D2_1077,02.26Y125T4F10D2_1077,146,536.5,17,144.8,535.3,0,GP_5900_FABRIC_CREAM_MAT,GP_5900_FABRIC_CREAM_MAT,E3_2098_Fabric28_1MM,E3_2098_Fabric28_1MM,E3_2098_Fabric28_1MM,E3_2098_Fabric28_1MM,1
GP_HDH17_5900_BS,Drawer Front,02.26Y125T4F10D2_1080,02.26Y125T4F10D2_1080,146,536.5,17,144.8,535.3,0,GP_5900_FABRIC_CREAM_MAT,GP_5900_FABRIC_CREAM_MAT,E3_2098_Fabric28_1MM,E3_2098_Fabric28_1MM,E3_2098_Fabric28_1MM,E3_2098_Fabric28_1MM,1
GP_HDH17_5900_BS,Drawer front INT,02.26Y125T4F10D2_1086,02.26Y125T4F10D2_1086,473.5,80,17,472.3,79.6,0,GP_5900_FABRIC_CREAM_MAT,GP_5900_FABRIC_CREAM_MAT,,E3_2098_Fabric28_1MM,E3_2098_Fabric28_1MM,E3_2098_Fabric28_1MM,1
GP_HDH17_5900_BS,Drawer Side RHS,02.26Y125T4F10D2_1087,02.26Y125T4F10D2_1087,450,110,17,448.8,108.8,0,GP_5900_FABRIC_CREAM_MAT,GP_5900_FABRIC_CREAM_MAT,E3_2098_Fabric28_1MM,E3_2098_Fabric28_1MM,E3_2098_Fabric28_1MM,E3_2098_Fabric28_1MM,1
GP_HDH17_5900_BS,Drawer Back,02.26Y125T4F10D2_1088,02.26Y125T4F10D2_1088,473.5,110,17,472.3,109.6,0,GP_5900_FABRIC_CREAM_MAT,GP_5900_FABRIC_CREAM_MAT,,E3_2098_Fabric28_1MM,E3_2098_Fabric28_1MM,E3_2098_Fabric28_1MM,1
GP_HDH17_5900_BS,Drawer Side LHS,02.26Y125T4F10D2_1089,02.26Y125T4F10D2_1089,450,110,17,448.8,108.8,0,GP_5900_FABRIC_CREAM_MAT,GP_5900_FABRIC_CREAM_MAT,E3_2098_Fabric28_1MM,E3_2098_Fabric28_1MM,E3_2098_Fabric28_1MM,E3_2098_Fabric28_1MM,1
GP_HDH17_5900_BS,Drawer front INT,02.26Y125T4F10D2_1081,02.26Y125T4F10D2_1081,473.5,80,17,472.3,79.6,0,GP_5900_FABRIC_CREAM_MAT,GP_5900_FABRIC_CREAM_MAT,,E3_2098_Fabric28_1MM,E3_2098_Fabric28_1MM,E3_2098_Fabric28_1MM,1
GP_HDH17_5900_BS,Drawer Side RHS,02.26Y125T4F10D2_1082,02.26Y125T4F10D2_1082,450,110,17,448.8,108.8,0,GP_5900_FABRIC_CREAM_MAT,GP_5900_FABRIC_CREAM_MAT,E3_2098_Fabric28_1MM,E3_2098_Fabric28_1MM,E3_2098_Fabric28_1MM,E3_2098_Fabric28_1MM,1
GP_HDH17_5900_BS,Drawer Back,02.26Y125T4F10D2_1083,02.26Y125T4F10D2_1083,473.5,110,17,472.3,109.6,0,GP_5900_FABRIC_CREAM_MAT,GP_5900_FABRIC_CREAM_MAT,,E3_2098_Fabric28_1MM,E3_2098_Fabric28_1MM,E3_2098_Fabric28_1MM,1
GP_HDH17_5900_BS,Drawer Side LHS,02.26Y125T4F10D2_1084,02.26Y125T4F10D2_1084,450,110,17,448.8,108.8,0,GP_5900_FABRIC_CREAM_MAT,GP_5900_FABRIC_CREAM_MAT,E3_2098_Fabric28_1MM,E3_2098_Fabric28_1MM,E3_2098_Fabric28_1MM,E3_2098_Fabric28_1MM,1
GP_HDH_36_5900_BS,Int RS Filler 36 mm,03.26Y125T4F10D3_1079,03.26Y125T4F10D3_1079,200,328,36,198.8,326.8,0,GP_5900_FABRIC_CREAM_MAT,GP_5900_FABRIC_CREAM_MAT,E3_2098_Fabric28_1MM,E3_2098_Fabric28_1MM,E3_2098_Fabric28_1MM,E3_2098_Fabric28_1MM,1
GP_HDH_36_5900_BS,Int RS Filler 36 mm,03.26Y125T4F10D3_1153,03.26Y125T4F10D3_1153,200,470,36,198.8,468.8,0,GP_5900_FABRIC_CREAM_MAT,GP_5900_FABRIC_CREAM_MAT,E3_2098_Fabric28_1MM,E3_2098_Fabric28_1MM,E3_2098_Fabric28_1MM,E3_2098_Fabric28_1MM,1
GP_HDH_6_5900_BS,Drawer Bottom,03.26Y125T4F10D3_1164,03.26Y125T4F10D3_1164,386.5,276,6,386.5,276,0,GP_5900_FABRIC_CREAM_MAT,GP_5900_FABRIC_CREAM_MAT,PRF_00,PRF_00,PRF_00,PRF_00,1
GP_HDH_6_5900_BS,Drawer Bottom,03.26Y125T4F10D3_1142,03.26Y125T4F10D3_1142,386.5,426,6,386.5,426,0,GP_5900_FABRIC_CREAM_MAT,GP_5900_FABRIC_CREAM_MAT,PRF_00,PRF_00,PRF_00,PRF_00,1
GP_HDH17_5900_BS,Drawer Front,03.26Y125T4F10D3_1137,03.26Y125T4F10D3_1137,198,451,17,196.8,449.8,0,GP_5900_FABRIC_CREAM_MAT,GP_5900_FABRIC_CREAM_MAT,E3_2098_Fabric28_1MM,E3_2098_Fabric28_1MM,E3_2098_Fabric28_1MM,E3_2098_Fabric28_1MM,1
GP_HDH17_5900_BS,Drawer Front,03.26Y125T4F10D3_1159,03.26Y125T4F10D3_1159,198,451,17,196.8,449.8,0,GP_5900_FABRIC_CREAM_MAT,GP_5900_FABRIC_CREAM_MAT,E3_2098_Fabric28_1MM,E3_2098_Fabric28_1MM,E3_2098_Fabric28_1MM,E3_2098_Fabric28_1MM,1
GP_HDH17_5900_BS,Drawer front INT,03.26Y125T4F10D3_1160,03.26Y125T4F10D3_1160,376.5,110,17,375.3,109.6,0,GP_5900_FABRIC_CREAM_MAT,GP_5900_FABRIC_CREAM_MAT,,E3_2098_Fabric28_1MM,E3_2098_Fabric28_1MM,E3_2098_Fabric28_1MM,1
GP_HDH17_5900_BS,Drawer Side RHS,03.26Y125T4F10D3_1161,03.26Y125T4F10D3_1161,300,140,17,298.8,138.8,0,GP_5900_FABRIC_CREAM_MAT,GP_5900_FABRIC_CREAM_MAT,E3_2098_Fabric28_1MM,E3_2098_Fabric28_1MM,E3_2098_Fabric28_1MM,E3_2098_Fabric28_1MM,1
GP_HDH17_5900_BS,Drawer Back,03.26Y125T4F10D3_1162,03.26Y125T4F10D3_1162,376.5,140,17,375.3,139.6,0,GP_5900_FABRIC_CREAM_MAT,GP_5900_FABRIC_CREAM_MAT,,E3_2098_Fabric28_1MM,E3_2098_Fabric28_1MM,E3_2098_Fabric28_1MM,1
GP_HDH17_5900_BS,Drawer Side LHS,03.26Y125T4F10D3_1163,03.26Y125T4F10D3_1163,300,140,17,298.8,138.8,0,GP_5900_FABRIC_CREAM_MAT,GP_5900_FABRIC_CREAM_MAT,E3_2098_Fabric28_1MM,E3_2098_Fabric28_1MM,E3_2098_Fabric28_1MM,E3_2098_Fabric28_1MM,1
GP_HDH17_5900_BS,Drawer front INT,03.26Y125T4F10D3_1138,03.26Y125T4F10D3_1138,376.5,110,17,375.3,109.6,0,GP_5900_FABRIC_CREAM_MAT,GP_5900_FABRIC_CREAM_MAT,,E3_2098_Fabric28_1MM,E3_2098_Fabric28_1MM,E3_2098_Fabric28_1MM,1
GP_HDH17_5900_BS,Drawer Side RHS,03.26Y125T4F10D3_1139,03.26Y125T4F10D3_1139,450,140,17,448.8,138.8,0,GP_5900_FABRIC_CREAM_MAT,GP_5900_FABRIC_CREAM_MAT,E3_2098_Fabric28_1MM,E3_2098_Fabric28_1MM,E3_2098_Fabric28_1MM,E3_2098_Fabric28_1MM,1
GP_HDH17_5900_BS,Drawer Back,03.26Y125T4F10D3_1140,03.26Y125T4F10D3_1140,376.5,140,17,375.3,139.6,0,GP_5900_FABRIC_CREAM_MAT,GP_5900_FABRIC_CREAM_MAT,,E3_2098_Fabric28_1MM,E3_2098_Fabric28_1MM,E3_2098_Fabric28_1MM,1
GP_HDH17_5900_BS,Drawer Side LHS,03.26Y125T4F10D3_1141,03.26Y125T4F10D3_1141,450,140,17,448.8,138.8,0,GP_5900_FABRIC_CREAM_MAT,GP_5900_FABRIC_CREAM_MAT,E3_2098_Fabric28_1MM,E3_2098_Fabric28_1MM,E3_2098_Fabric28_1MM,E3_2098_Fabric28_1MM,1
GP_HDH_36_5900_BS,Int RS Filler 36 mm,02.26Y125T4F14A1_1010,02.26Y125T4F14A1_1010,150,470,36,148.8,468.8,0,GP_5900_FABRIC_CREAM_MAT,GP_5900_FABRIC_CREAM_MAT,E3_2098_Fabric28_1MM,E3_2098_Fabric28_1MM,E3_2098_Fabric28_1MM,E3_2098_Fabric28_1MM,1
GP_HDH_36_5900_BS,Int LS Filler 36mm,02.26Y125T4F14A1_1011,02.26Y125T4F14A1_1011,150,470,36,148.8,468.8,0,GP_5900_FABRIC_CREAM_MAT,GP_5900_FABRIC_CREAM_MAT,E3_2098_Fabric28_1MM,E3_2098_Fabric28_1MM,E3_2098_Fabric28_1MM,E3_2098_Fabric28_1MM,1
GP_HDH_6_5900_BS,Drawer Bottom,02.26Y125T4F14A1_1064,02.26Y125T4F14A1_1064,644,421,6,644,421,0,GP_5900_FABRIC_CREAM_MAT,GP_5900_FABRIC_CREAM_MAT,PRF_00,PRF_00,PRF_00,PRF_00,1
GP_HDH17_5900_BS,Drawer Front,02.26Y125T4F14A1_1012,02.26Y125T4F14A1_1012,146,698,17,144.8,696.8,0,GP_5900_FABRIC_CREAM_MAT,GP_5900_FABRIC_CREAM_MAT,E3_2098_Fabric28_1MM,E3_2098_Fabric28_1MM,E3_2098_Fabric28_1MM,E3_2098_Fabric28_1MM,1
GP_HDH17_5900_BS,Drawer front INT,02.26Y125T4F14A1_1060,02.26Y125T4F14A1_1060,634,80,17,632.8,79.6,0,GP_5900_FABRIC_CREAM_MAT,GP_5900_FABRIC_CREAM_MAT,,E3_2098_Fabric28_1MM,E3_2098_Fabric28_1MM,E3_2098_Fabric28_1MM,1
GP_HDH17_5900_BS,Drawer Side RHS,02.26Y125T4F14A1_1061,02.26Y125T4F14A1_1061,450,110,17,448.8,108.8,0,GP_5900_FABRIC_CREAM_MAT,GP_5900_FABRIC_CREAM_MAT,E3_2098_Fabric28_1MM,E3_2098_Fabric28_1MM,E3_2098_Fabric28_1MM,E3_2098_Fabric28_1MM,1
GP_HDH17_5900_BS,Drawer Back,02.26Y125T4F14A1_1062,02.26Y125T4F14A1_1062,634,110,17,632.8,109.6,0,GP_5900_FABRIC_CREAM_MAT,GP_5900_FABRIC_CREAM_MAT,,E3_2098_Fabric28_1MM,E3_2098_Fabric28_1MM,E3_2098_Fabric28_1MM,1
GP_HDH17_5900_BS,Drawer Side LHS,02.26Y125T4F14A1_1063,02.26Y125T4F14A1_1063,450,110,17,448.8,108.8,0,GP_5900_FABRIC_CREAM_MAT,GP_5900_FABRIC_CREAM_MAT,E3_2098_Fabric28_1MM,E3_2098_Fabric28_1MM,E3_2098_Fabric28_1MM,E3_2098_Fabric28_1MM,1
GP_HDH_36_5900_BS,Int LS Filler 36mm,02.26Y125T4F14A2_1076,02.26Y125T4F14A2_1076,150,470,36,148.8,468.8,0,GP_5900_FABRIC_CREAM_MAT,GP_5900_FABRIC_CREAM_MAT,E3_2098_Fabric28_1MM,E3_2098_Fabric28_1MM,E3_2098_Fabric28_1MM,E3_2098_Fabric28_1MM,1
GP_HDH_36_5900_BS,Int RS Filler 36 mm,02.26Y125T4F14A2_1079,02.26Y125T4F14A2_1079,150,470,36,148.8,468.8,0,GP_5900_FABRIC_CREAM_MAT,GP_5900_FABRIC_CREAM_MAT,E3_2098_Fabric28_1MM,E3_2098_Fabric28_1MM,E3_2098_Fabric28_1MM,E3_2098_Fabric28_1MM,1
GP_HDH_6_5900_BS,Drawer Bottom,02.26Y125T4F14A2_1090,02.26Y125T4F14A2_1090,478.5,421,6,478.5,421,0,GP_5900_FABRIC_CREAM_MAT,GP_5900_FABRIC_CREAM_MAT,PRF_00,PRF_00,PRF_00,PRF_00,1
GP_HDH_6_5900_BS,Drawer Bottom,02.26Y125T4F14A2_1085,02.26Y125T4F14A2_1085,478.5,421,6,478.5,421,0,GP_5900_FABRIC_CREAM_MAT,GP_5900_FABRIC_CREAM_MAT,PRF_00,PRF_00,PRF_00,PRF_00,1
GP_HDH17_5900_BS,Drawer Front,02.26Y125T4F14A2_1077,02.26Y125T4F14A2_1077,146,531.5,17,144.8,530.3,0,GP_5900_FABRIC_CREAM_MAT,GP_5900_FABRIC_CREAM_MAT,E3_2098_Fabric28_1MM,E3_2098_Fabric28_1MM,E3_2098_Fabric28_1MM,E3_2098_Fabric28_1MM,1
GP_HDH17_5900_BS,Drawer Front,02.26Y125T4F14A2_1080,02.26Y125T4F14A2_1080,146,531.5,17,144.8,530.3,0,GP_5900_FABRIC_CREAM_MAT,GP_5900_FABRIC_CREAM_MAT,E3_2098_Fabric28_1MM,E3_2098_Fabric28_1MM,E3_2098_Fabric28_1MM,E3_2098_Fabric28_1MM,1
GP_HDH17_5900_BS,Drawer front INT,02.26Y125T4F14A2_1086,02.26Y125T4F14A2_1086,468.5,80,17,467.3,79.6,0,GP_5900_FABRIC_CREAM_MAT,GP_5900_FABRIC_CREAM_MAT,,E3_2098_Fabric28_1MM,E3_2098_Fabric28_1MM,E3_2098_Fabric28_1MM,1
GP_HDH17_5900_BS,Drawer Side RHS,02.26Y125T4F14A2_1087,02.26Y125T4F14A2_1087,450,110,17,448.8,108.8,0,GP_5900_FABRIC_CREAM_MAT,GP_5900_FABRIC_CREAM_MAT,E3_2098_Fabric28_1MM,E3_2098_Fabric28_1MM,E3_2098_Fabric28_1MM,E3_2098_Fabric28_1MM,1
GP_HDH17_5900_BS,Drawer Back,02.26Y125T4F14A2_1088,02.26Y125T4F14A2_1088,468.5,110,17,467.3,109.6,0,GP_5900_FABRIC_CREAM_MAT,GP_5900_FABRIC_CREAM_MAT,,E3_2098_Fabric28_1MM,E3_2098_Fabric28_1MM,E3_2098_Fabric28_1MM,1
GP_HDH17_5900_BS,Drawer Side LHS,02.26Y125T4F14A2_1089,02.26Y125T4F14A2_1089,450,110,17,448.8,108.8,0,GP_5900_FABRIC_CREAM_MAT,GP_5900_FABRIC_CREAM_MAT,E3_2098_Fabric28_1MM,E3_2098_Fabric28_1MM,E3_2098_Fabric28_1MM,E3_2098_Fabric28_1MM,1
GP_HDH17_5900_BS,Drawer front INT,02.26Y125T4F14A2_1081,02.26Y125T4F14A2_1081,468.5,80,17,467.3,79.6,0,GP_5900_FABRIC_CREAM_MAT,GP_5900_FABRIC_CREAM_MAT,,E3_2098_Fabric28_1MM,E3_2098_Fabric28_1MM,E3_2098_Fabric28_1MM,1
GP_HDH17_5900_BS,Drawer Side RHS,02.26Y125T4F14A2_1082,02.26Y125T4F14A2_1082,450,110,17,448.8,108.8,0,GP_5900_FABRIC_CREAM_MAT,GP_5900_FABRIC_CREAM_MAT,E3_2098_Fabric28_1MM,E3_2098_Fabric28_1MM,E3_2098_Fabric28_1MM,E3_2098_Fabric28_1MM,1
GP_HDH17_5900_BS,Drawer Back,02.26Y125T4F14A2_1083,02.26Y125T4F14A2_1083,468.5,110,17,467.3,109.6,0,GP_5900_FABRIC_CREAM_MAT,GP_5900_FABRIC_CREAM_MAT,,E3_2098_Fabric28_1MM,E3_2098_Fabric28_1MM,E3_2098_Fabric28_1MM,1
GP_HDH17_5900_BS,Drawer Side LHS,02.26Y125T4F14A2_1084,02.26Y125T4F14A2_1084,450,110,17,448.8,108.8,0,GP_5900_FABRIC_CREAM_MAT,GP_5900_FABRIC_CREAM_MAT,E3_2098_Fabric28_1MM,E3_2098_Fabric28_1MM,E3_2098_Fabric28_1MM,E3_2098_Fabric28_1MM,1
GP_HDH_36_5900_BS,Int RS Filler 36 mm,03.26Y125T4F14A3_1079,03.26Y125T4F14A3_1079,200,470,36,198.8,468.8,0,GP_5900_FABRIC_CREAM_MAT,GP_5900_FABRIC_CREAM_MAT,E3_2098_Fabric28_1MM,E3_2098_Fabric28_1MM,E3_2098_Fabric28_1MM,E3_2098_Fabric28_1MM,1
GP_HDH_36_5900_BS,Int RS Filler 36 mm,03.26Y125T4F14A3_1153,03.26Y125T4F14A3_1153,200,313,36,198.8,311.8,0,GP_5900_FABRIC_CREAM_MAT,GP_5900_FABRIC_CREAM_MAT,E3_2098_Fabric28_1MM,E3_2098_Fabric28_1MM,E3_2098_Fabric28_1MM,E3_2098_Fabric28_1MM,1
GP_HDH_6_5900_BS,Drawer Bottom,03.26Y125T4F14A3_1148,03.26Y125T4F14A3_1148,386.5,426,6,386.5,426,0,GP_5900_FABRIC_CREAM_MAT,GP_5900_FABRIC_CREAM_MAT,PRF_00,PRF_00,PRF_00,PRF_00,1
GP_HDH_6_5900_BS,Drawer Bottom,03.26Y125T4F14A3_1158,03.26Y125T4F14A3_1158,386.5,276,6,386.5,276,0,GP_5900_FABRIC_CREAM_MAT,GP_5900_FABRIC_CREAM_MAT,PRF_00,PRF_00,PRF_00,PRF_00,1
GP_HDH17_5900_BS,Drawer Front,03.26Y125T4F14A3_1152,03.26Y125T4F14A3_1152,198,451,17,196.8,449.8,0,GP_5900_FABRIC_CREAM_MAT,GP_5900_FABRIC_CREAM_MAT,E3_2098_Fabric28_1MM,E3_2098_Fabric28_1MM,E3_2098_Fabric28_1MM,E3_2098_Fabric28_1MM,1
GP_HDH17_5900_BS,Drawer Front,03.26Y125T4F14A3_1143,03.26Y125T4F14A3_1143,198,451,17,196.8,449.8,0,GP_5900_FABRIC_CREAM_MAT,GP_5900_FABRIC_CREAM_MAT,E3_2098_Fabric28_1MM,E3_2098_Fabric28_1MM,E3_2098_Fabric28_1MM,E3_2098_Fabric28_1MM,1
GP_HDH17_5900_BS,Drawer front INT,03.26Y125T4F14A3_1144,03.26Y125T4F14A3_1144,376.5,110,17,375.3,109.6,0,GP_5900_FABRIC_CREAM_MAT,GP_5900_FABRIC_CREAM_MAT,,E3_2098_Fabric28_1MM,E3_2098_Fabric28_1MM,E3_2098_Fabric28_1MM,1
GP_HDH17_5900_BS,Drawer Side RHS,03.26Y125T4F14A3_1145,03.26Y125T4F14A3_1145,450,140,17,448.8,138.8,0,GP_5900_FABRIC_CREAM_MAT,GP_5900_FABRIC_CREAM_MAT,E3_2098_Fabric28_1MM,E3_2098_Fabric28_1MM,E3_2098_Fabric28_1MM,E3_2098_Fabric28_1MM,1
GP_HDH17_5900_BS,Drawer Back,03.26Y125T4F14A3_1146,03.26Y125T4F14A3_1146,376.5,140,17,375.3,139.6,0,GP_5900_FABRIC_CREAM_MAT,GP_5900_FABRIC_CREAM_MAT,,E3_2098_Fabric28_1MM,E3_2098_Fabric28_1MM,E3_2098_Fabric28_1MM,1
GP_HDH17_5900_BS,Drawer Side LHS,03.26Y125T4F14A3_1147,03.26Y125T4F14A3_1147,450,140,17,448.8,138.8,0,GP_5900_FABRIC_CREAM_MAT,GP_5900_FABRIC_CREAM_MAT,E3_2098_Fabric28_1MM,E3_2098_Fabric28_1MM,E3_2098_Fabric28_1MM,E3_2098_Fabric28_1MM,1
GP_HDH17_5900_BS,Drawer front INT,03.26Y125T4F14A3_1154,03.26Y125T4F14A3_1154,376.5,110,17,375.3,109.6,0,GP_5900_FABRIC_CREAM_MAT,GP_5900_FABRIC_CREAM_MAT,,E3_2098_Fabric28_1MM,E3_2098_Fabric28_1MM,E3_2098_Fabric28_1MM,1
GP_HDH17_5900_BS,Drawer Side RHS,03.26Y125T4F14A3_1155,03.26Y125T4F14A3_1155,300,140,17,298.8,138.8,0,GP_5900_FABRIC_CREAM_MAT,GP_5900_FABRIC_CREAM_MAT,E3_2098_Fabric28_1MM,E3_2098_Fabric28_1MM,E3_2098_Fabric28_1MM,E3_2098_Fabric28_1MM,1
GP_HDH17_5900_BS,Drawer Back,03.26Y125T4F14A3_1156,03.26Y125T4F14A3_1156,376.5,140,17,375.3,139.6,0,GP_5900_FABRIC_CREAM_MAT,GP_5900_FABRIC_CREAM_MAT,,E3_2098_Fabric28_1MM,E3_2098_Fabric28_1MM,E3_2098_Fabric28_1MM,1
GP_HDH17_5900_BS,Drawer Side LHS,03.26Y125T4F14A3_1157,03.26Y125T4F14A3_1157,300,140,17,298.8,138.8,0,GP_5900_FABRIC_CREAM_MAT,GP_5900_FABRIC_CREAM_MAT,E3_2098_Fabric28_1MM,E3_2098_Fabric28_1MM,E3_2098_Fabric28_1MM,E3_2098_Fabric28_1MM,1
GP_HDH_36_5900_BS,Int RS Filler 36 mm,02.26Y125T4F15D1_1010,02.26Y125T4F15D1_1010,150,470,36,148.8,468.8,0,GP_5900_FABRIC_CREAM_MAT,GP_5900_FABRIC_CREAM_MAT,E3_2098_Fabric28_1MM,E3_2098_Fabric28_1MM,E3_2098_Fabric28_1MM,E3_2098_Fabric28_1MM,1
GP_HDH_36_5900_BS,Int LS Filler 36mm,02.26Y125T4F15D1_1011,02.26Y125T4F15D1_1011,150,470,36,148.8,468.8,0,GP_5900_FABRIC_CREAM_MAT,GP_5900_FABRIC_CREAM_MAT,E3_2098_Fabric28_1MM,E3_2098_Fabric28_1MM,E3_2098_Fabric28_1MM,E3_2098_Fabric28_1MM,1
GP_HDH_6_5900_BS,Drawer Bottom,02.26Y125T4F15D1_1064,02.26Y125T4F15D1_1064,654,421,6,654,421,0,GP_5900_FABRIC_CREAM_MAT,GP_5900_FABRIC_CREAM_MAT,PRF_00,PRF_00,PRF_00,PRF_00,1
GP_HDH17_5900_BS,Drawer Front,02.26Y125T4F15D1_1012,02.26Y125T4F15D1_1012,146,708,17,144.8,706.8,0,GP_5900_FABRIC_CREAM_MAT,GP_5900_FABRIC_CREAM_MAT,E3_2098_Fabric28_1MM,E3_2098_Fabric28_1MM,E3_2098_Fabric28_1MM,E3_2098_Fabric28_1MM,1
GP_HDH17_5900_BS,Drawer front INT,02.26Y125T4F15D1_1060,02.26Y125T4F15D1_1060,644,80,17,642.8,79.6,0,GP_5900_FABRIC_CREAM_MAT,GP_5900_FABRIC_CREAM_MAT,,E3_2098_Fabric28_1MM,E3_2098_Fabric28_1MM,E3_2098_Fabric28_1MM,1
GP_HDH17_5900_BS,Drawer Side RHS,02.26Y125T4F15D1_1061,02.26Y125T4F15D1_1061,450,110,17,448.8,108.8,0,GP_5900_FABRIC_CREAM_MAT,GP_5900_FABRIC_CREAM_MAT,E3_2098_Fabric28_1MM,E3_2098_Fabric28_1MM,E3_2098_Fabric28_1MM,E3_2098_Fabric28_1MM,1
GP_HDH17_5900_BS,Drawer Back,02.26Y125T4F15D1_1062,02.26Y125T4F15D1_1062,644,110,17,642.8,109.6,0,GP_5900_FABRIC_CREAM_MAT,GP_5900_FABRIC_CREAM_MAT,,E3_2098_Fabric28_1MM,E3_2098_Fabric28_1MM,E3_2098_Fabric28_1MM,1
GP_HDH17_5900_BS,Drawer Side LHS,02.26Y125T4F15D1_1063,02.26Y125T4F15D1_1063,450,110,17,448.8,108.8,0,GP_5900_FABRIC_CREAM_MAT,GP_5900_FABRIC_CREAM_MAT,E3_2098_Fabric28_1MM,E3_2098_Fabric28_1MM,E3_2098_Fabric28_1MM,E3_2098_Fabric28_1MM,1
GP_HDH_36_5900_BS,Int LS Filler 36mm,02.26Y125T4F15D2_1076,02.26Y125T4F15D2_1076,150,470,36,148.8,468.8,0,GP_5900_FABRIC_CREAM_MAT,GP_5900_FABRIC_CREAM_MAT,E3_2098_Fabric28_1MM,E3_2098_Fabric28_1MM,E3_2098_Fabric28_1MM,E3_2098_Fabric28_1MM,1
GP_HDH_36_5900_BS,Int RS Filler 36 mm,02.26Y125T4F15D2_1079,02.26Y125T4F15D2_1079,150,470,36,148.8,468.8,0,GP_5900_FABRIC_CREAM_MAT,GP_5900_FABRIC_CREAM_MAT,E3_2098_Fabric28_1MM,E3_2098_Fabric28_1MM,E3_2098_Fabric28_1MM,E3_2098_Fabric28_1MM,1
GP_HDH_6_5900_BS,Drawer Bottom,02.26Y125T4F15D2_1090,02.26Y125T4F15D2_1090,483.5,421,6,483.5,421,0,GP_5900_FABRIC_CREAM_MAT,GP_5900_FABRIC_CREAM_MAT,PRF_00,PRF_00,PRF_00,PRF_00,1
GP_HDH_6_5900_BS,Drawer Bottom,02.26Y125T4F15D2_1085,02.26Y125T4F15D2_1085,483.5,421,6,483.5,421,0,GP_5900_FABRIC_CREAM_MAT,GP_5900_FABRIC_CREAM_MAT,PRF_00,PRF_00,PRF_00,PRF_00,1
GP_HDH17_5900_BS,Drawer Front,02.26Y125T4F15D2_1077,02.26Y125T4F15D2_1077,146,536.5,17,144.8,535.3,0,GP_5900_FABRIC_CREAM_MAT,GP_5900_FABRIC_CREAM_MAT,E3_2098_Fabric28_1MM,E3_2098_Fabric28_1MM,E3_2098_Fabric28_1MM,E3_2098_Fabric28_1MM,1
GP_HDH17_5900_BS,Drawer Front,02.26Y125T4F15D2_1080,02.26Y125T4F15D2_1080,146,536.5,17,144.8,535.3,0,GP_5900_FABRIC_CREAM_MAT,GP_5900_FABRIC_CREAM_MAT,E3_2098_Fabric28_1MM,E3_2098_Fabric28_1MM,E3_2098_Fabric28_1MM,E3_2098_Fabric28_1MM,1
GP_HDH17_5900_BS,Drawer front INT,02.26Y125T4F15D2_1086,02.26Y125T4F15D2_1086,473.5,80,17,472.3,79.6,0,GP_5900_FABRIC_CREAM_MAT,GP_5900_FABRIC_CREAM_MAT,,E3_2098_Fabric28_1MM,E3_2098_Fabric28_1MM,E3_2098_Fabric28_1MM,1
GP_HDH17_5900_BS,Drawer Side RHS,02.26Y125T4F15D2_1087,02.26Y125T4F15D2_1087,450,110,17,448.8,108.8,0,GP_5900_FABRIC_CREAM_MAT,GP_5900_FABRIC_CREAM_MAT,E3_2098_Fabric28_1MM,E3_2098_Fabric28_1MM,E3_2098_Fabric28_1MM,E3_2098_Fabric28_1MM,1
GP_HDH17_5900_BS,Drawer Back,02.26Y125T4F15D2_1088,02.26Y125T4F15D2_1088,473.5,110,17,472.3,109.6,0,GP_5900_FABRIC_CREAM_MAT,GP_5900_FABRIC_CREAM_MAT,,E3_2098_Fabric28_1MM,E3_2098_Fabric28_1MM,E3_2098_Fabric28_1MM,1
GP_HDH17_5900_BS,Drawer Side LHS,02.26Y125T4F15D2_1089,02.26Y125T4F15D2_1089,450,110,17,448.8,108.8,0,GP_5900_FABRIC_CREAM_MAT,GP_5900_FABRIC_CREAM_MAT,E3_2098_Fabric28_1MM,E3_2098_Fabric28_1MM,E3_2098_Fabric28_1MM,E3_2098_Fabric28_1MM,1
GP_HDH17_5900_BS,Drawer front INT,02.26Y125T4F15D2_1081,02.26Y125T4F15D2_1081,473.5,80,17,472.3,79.6,0,GP_5900_FABRIC_CREAM_MAT,GP_5900_FABRIC_CREAM_MAT,,E3_2098_Fabric28_1MM,E3_2098_Fabric28_1MM,E3_2098_Fabric28_1MM,1
GP_HDH17_5900_BS,Drawer Side RHS,02.26Y125T4F15D2_1082,02.26Y125T4F15D2_1082,450,110,17,448.8,108.8,0,GP_5900_FABRIC_CREAM_MAT,GP_5900_FABRIC_CREAM_MAT,E3_2098_Fabric28_1MM,E3_2098_Fabric28_1MM,E3_2098_Fabric28_1MM,E3_2098_Fabric28_1MM,1
GP_HDH17_5900_BS,Drawer Back,02.26Y125T4F15D2_1083,02.26Y125T4F15D2_1083,473.5,110,17,472.3,109.6,0,GP_5900_FABRIC_CREAM_MAT,GP_5900_FABRIC_CREAM_MAT,,E3_2098_Fabric28_1MM,E3_2098_Fabric28_1MM,E3_2098_Fabric28_1MM,1
GP_HDH17_5900_BS,Drawer Side LHS,02.26Y125T4F15D2_1084,02.26Y125T4F15D2_1084,450,110,17,448.8,108.8,0,GP_5900_FABRIC_CREAM_MAT,GP_5900_FABRIC_CREAM_MAT,E3_2098_Fabric28_1MM,E3_2098_Fabric28_1MM,E3_2098_Fabric28_1MM,E3_2098_Fabric28_1MM,1
GP_HDH_36_5900_BS,Int RS Filler 36 mm,03.26Y125T4F15D3_1079,03.26Y125T4F15D3_1079,200,323,36,198.8,321.8,0,GP_5900_FABRIC_CREAM_MAT,GP_5900_FABRIC_CREAM_MAT,E3_2098_Fabric28_1MM,E3_2098_Fabric28_1MM,E3_2098_Fabric28_1MM,E3_2098_Fabric28_1MM,1
GP_HDH_36_5900_BS,Int RS Filler 36 mm,03.26Y125T4F15D3_1153,03.26Y125T4F15D3_1153,200,470,36,198.8,468.8,0,GP_5900_FABRIC_CREAM_MAT,GP_5900_FABRIC_CREAM_MAT,E3_2098_Fabric28_1MM,E3_2098_Fabric28_1MM,E3_2098_Fabric28_1MM,E3_2098_Fabric28_1MM,1
GP_HDH_6_5900_BS,Drawer Bottom,03.26Y125T4F15D3_1164,03.26Y125T4F15D3_1164,386.5,276,6,386.5,276,0,GP_5900_FABRIC_CREAM_MAT,GP_5900_FABRIC_CREAM_MAT,PRF_00,PRF_00,PRF_00,PRF_00,1
GP_HDH_6_5900_BS,Drawer Bottom,03.26Y125T4F15D3_1142,03.26Y125T4F15D3_1142,386.5,426,6,386.5,426,0,GP_5900_FABRIC_CREAM_MAT,GP_5900_FABRIC_CREAM_MAT,PRF_00,PRF_00,PRF_00,PRF_00,1
GP_HDH17_5900_BS,Drawer Front,03.26Y125T4F15D3_1137,03.26Y125T4F15D3_1137,198,451,17,196.8,449.8,0,GP_5900_FABRIC_CREAM_MAT,GP_5900_FABRIC_CREAM_MAT,E3_2098_Fabric28_1MM,E3_2098_Fabric28_1MM,E3_2098_Fabric28_1MM,E3_2098_Fabric28_1MM,1
GP_HDH17_5900_BS,Drawer Front,03.26Y125T4F15D3_1159,03.26Y125T4F15D3_1159,198,451,17,196.8,449.8,0,GP_5900_FABRIC_CREAM_MAT,GP_5900_FABRIC_CREAM_MAT,E3_2098_Fabric28_1MM,E3_2098_Fabric28_1MM,E3_2098_Fabric28_1MM,E3_2098_Fabric28_1MM,1
GP_HDH17_5900_BS,Drawer front INT,03.26Y125T4F15D3_1160,03.26Y125T4F15D3_1160,376.5,110,17,375.3,109.6,0,GP_5900_FABRIC_CREAM_MAT,GP_5900_FABRIC_CREAM_MAT,,E3_2098_Fabric28_1MM,E3_2098_Fabric28_1MM,E3_2098_Fabric28_1MM,1
GP_HDH17_5900_BS,Drawer Side RHS,03.26Y125T4F15D3_1161,03.26Y125T4F15D3_1161,300,140,17,298.8,138.8,0,GP_5900_FABRIC_CREAM_MAT,GP_5900_FABRIC_CREAM_MAT,E3_2098_Fabric28_1MM,E3_2098_Fabric28_1MM,E3_2098_Fabric28_1MM,E3_2098_Fabric28_1MM,1
GP_HDH17_5900_BS,Drawer Back,03.26Y125T4F15D3_1162,03.26Y125T4F15D3_1162,376.5,140,17,375.3,139.6,0,GP_5900_FABRIC_CREAM_MAT,GP_5900_FABRIC_CREAM_MAT,,E3_2098_Fabric28_1MM,E3_2098_Fabric28_1MM,E3_2098_Fabric28_1MM,1
GP_HDH17_5900_BS,Drawer Side LHS,03.26Y125T4F15D3_1163,03.26Y125T4F15D3_1163,300,140,17,298.8,138.8,0,GP_5900_FABRIC_CREAM_MAT,GP_5900_FABRIC_CREAM_MAT,E3_2098_Fabric28_1MM,E3_2098_Fabric28_1MM,E3_2098_Fabric28_1MM,E3_2098_Fabric28_1MM,1
GP_HDH17_5900_BS,Drawer front INT,03.26Y125T4F15D3_1138,03.26Y125T4F15D3_1138,376.5,110,17,375.3,109.6,0,GP_5900_FABRIC_CREAM_MAT,GP_5900_FABRIC_CREAM_MAT,,E3_2098_Fabric28_1MM,E3_2098_Fabric28_1MM,E3_2098_Fabric28_1MM,1
GP_HDH17_5900_BS,Drawer Side RHS,03.26Y125T4F15D3_1139,03.26Y125T4F15D3_1139,450,140,17,448.8,138.8,0,GP_5900_FABRIC_CREAM_MAT,GP_5900_FABRIC_CREAM_MAT,E3_2098_Fabric28_1MM,E3_2098_Fabric28_1MM,E3_2098_Fabric28_1MM,E3_2098_Fabric28_1MM,1
GP_HDH17_5900_BS,Drawer Back,03.26Y125T4F15D3_1140,03.26Y125T4F15D3_1140,376.5,140,17,375.3,139.6,0,GP_5900_FABRIC_CREAM_MAT,GP_5900_FABRIC_CREAM_MAT,,E3_2098_Fabric28_1MM,E3_2098_Fabric28_1MM,E3_2098_Fabric28_1MM,1
GP_HDH17_5900_BS,Drawer Side LHS,03.26Y125T4F15D3_1141,03.26Y125T4F15D3_1141,450,140,17,448.8,138.8,0,GP_5900_FABRIC_CREAM_MAT,GP_5900_FABRIC_CREAM_MAT,E3_2098_Fabric28_1MM,E3_2098_Fabric28_1MM,E3_2098_Fabric28_1MM,E3_2098_Fabric28_1MM,1
GP_HDH_36_5900_BS,Int RS Filler 36 mm,03.26Y125T4F24D3_1079,03.26Y125T4F24D3_1079,200,323,36,198.8,321.8,0,GP_5900_FABRIC_CREAM_MAT,GP_5900_FABRIC_CREAM_MAT,E3_2098_Fabric28_1MM,E3_2098_Fabric28_1MM,E3_2098_Fabric28_1MM,E3_2098_Fabric28_1MM,1
GP_HDH_36_5900_BS,Int RS Filler 36 mm,03.26Y125T4F24D3_1153,03.26Y125T4F24D3_1153,200,470,36,198.8,468.8,0,GP_5900_FABRIC_CREAM_MAT,GP_5900_FABRIC_CREAM_MAT,E3_2098_Fabric28_1MM,E3_2098_Fabric28_1MM,E3_2098_Fabric28_1MM,E3_2098_Fabric28_1MM,1
GP_HDH_6_5900_BS,Drawer Bottom,03.26Y125T4F24D3_1164,03.26Y125T4F24D3_1164,386.5,276,6,386.5,276,0,GP_5900_FABRIC_CREAM_MAT,GP_5900_FABRIC_CREAM_MAT,PRF_00,PRF_00,PRF_00,PRF_00,1
GP_HDH_6_5900_BS,Drawer Bottom,03.26Y125T4F24D3_1142,03.26Y125T4F24D3_1142,386.5,426,6,386.5,426,0,GP_5900_FABRIC_CREAM_MAT,GP_5900_FABRIC_CREAM_MAT,PRF_00,PRF_00,PRF_00,PRF_00,1
GP_HDH17_5900_BS,Drawer Front,03.26Y125T4F24D3_1137,03.26Y125T4F24D3_1137,198,451,17,196.8,449.8,0,GP_5900_FABRIC_CREAM_MAT,GP_5900_FABRIC_CREAM_MAT,E3_2098_Fabric28_1MM,E3_2098_Fabric28_1MM,E3_2098_Fabric28_1MM,E3_2098_Fabric28_1MM,1
GP_HDH17_5900_BS,Drawer Front,03.26Y125T4F24D3_1159,03.26Y125T4F24D3_1159,198,451,17,196.8,449.8,0,GP_5900_FABRIC_CREAM_MAT,GP_5900_FABRIC_CREAM_MAT,E3_2098_Fabric28_1MM,E3_2098_Fabric28_1MM,E3_2098_Fabric28_1MM,E3_2098_Fabric28_1MM,1
GP_HDH17_5900_BS,Drawer front INT,03.26Y125T4F24D3_1160,03.26Y125T4F24D3_1160,376.5,110,17,375.3,109.6,0,GP_5900_FABRIC_CREAM_MAT,GP_5900_FABRIC_CREAM_MAT,PRF_00,E3_2098_Fabric28_1MM,E3_2098_Fabric28_1MM,E3_2098_Fabric28_1MM,1
GP_HDH17_5900_BS,Drawer Side RHS,03.26Y125T4F24D3_1161,03.26Y125T4F24D3_1161,300,140,17,298.8,138.8,0,GP_5900_FABRIC_CREAM_MAT,GP_5900_FABRIC_CREAM_MAT,E3_2098_Fabric28_1MM,E3_2098_Fabric28_1MM,E3_2098_Fabric28_1MM,E3_2098_Fabric28_1MM,1
GP_HDH17_5900_BS,Drawer Back,03.26Y125T4F24D3_1162,03.26Y125T4F24D3_1162,376.5,140,17,375.3,139.6,0,GP_5900_FABRIC_CREAM_MAT,GP_5900_FABRIC_CREAM_MAT,PRF_00,E3_2098_Fabric28_1MM,E3_2098_Fabric28_1MM,E3_2098_Fabric28_1MM,1
GP_HDH17_5900_BS,Drawer Side LHS,03.26Y125T4F24D3_1163,03.26Y125T4F24D3_1163,300,140,17,298.8,138.8,0,GP_5900_FABRIC_CREAM_MAT,GP_5900_FABRIC_CREAM_MAT,E3_2098_Fabric28_1MM,E3_2098_Fabric28_1MM,E3_2098_Fabric28_1MM,E3_2098_Fabric28_1MM,1
GP_HDH17_5900_BS,Drawer front INT,03.26Y125T4F24D3_1138,03.26Y125T4F24D3_1138,376.5,110,17,375.3,109.6,0,GP_5900_FABRIC_CREAM_MAT,GP_5900_FABRIC_CREAM_MAT,PRF_00,E3_2098_Fabric28_1MM,E3_2098_Fabric28_1MM,E3_2098_Fabric28_1MM,1
GP_HDH17_5900_BS,Drawer Side RHS,03.26Y125T4F24D3_1139,03.26Y125T4F24D3_1139,450,140,17,448.8,138.8,0,GP_5900_FABRIC_CREAM_MAT,GP_5900_FABRIC_CREAM_MAT,E3_2098_Fabric28_1MM,E3_2098_Fabric28_1MM,E3_2098_Fabric28_1MM,E3_2098_Fabric28_1MM,1
GP_HDH17_5900_BS,Drawer Back,03.26Y125T4F24D3_1140,03.26Y125T4F24D3_1140,376.5,140,17,375.3,139.6,0,GP_5900_FABRIC_CREAM_MAT,GP_5900_FABRIC_CREAM_MAT,PRF_00,E3_2098_Fabric28_1MM,E3_2098_Fabric28_1MM,E3_2098_Fabric28_1MM,1
GP_HDH17_5900_BS,Drawer Side LHS,03.26Y125T4F24D3_1141,03.26Y125T4F24D3_1141,450,140,17,448.8,138.8,0,GP_5900_FABRIC_CREAM_MAT,GP_5900_FABRIC_CREAM_MAT,E3_2098_Fabric28_1MM,E3_2098_Fabric28_1MM,E3_2098_Fabric28_1MM,E3_2098_Fabric28_1MM,1
GP_HDH_36_5900_BS,Int RS Filler 36 mm,02.26Y125T4F25D1_1010,02.26Y125T4F25D1_1010,150,470,36,148.8,468.8,0,GP_5900_FABRIC_CREAM_MAT,GP_5900_FABRIC_CREAM_MAT,E3_2098_Fabric28_1MM,E3_2098_Fabric28_1MM,E3_2098_Fabric28_1MM,E3_2098_Fabric28_1MM,1
GP_HDH_36_5900_BS,Int LS Filler 36mm,02.26Y125T4F25D1_1011,02.26Y125T4F25D1_1011,150,470,36,148.8,468.8,0,GP_5900_FABRIC_CREAM_MAT,GP_5900_FABRIC_CREAM_MAT,E3_2098_Fabric28_1MM,E3_2098_Fabric28_1MM,E3_2098_Fabric28_1MM,E3_2098_Fabric28_1MM,1
GP_HDH_6_5900_BS,Drawer Bottom,02.26Y125T4F25D1_1064,02.26Y125T4F25D1_1064,654,421,6,654,421,0,GP_5900_FABRIC_CREAM_MAT,GP_5900_FABRIC_CREAM_MAT,PRF_00,PRF_00,PRF_00,PRF_00,1
GP_HDH17_5900_BS,Drawer Front,02.26Y125T4F25D1_1012,02.26Y125T4F25D1_1012,146,708,17,144.8,706.8,0,GP_5900_FABRIC_CREAM_MAT,GP_5900_FABRIC_CREAM_MAT,E3_2098_Fabric28_1MM,E3_2098_Fabric28_1MM,E3_2098_Fabric28_1MM,E3_2098_Fabric28_1MM,1
GP_HDH17_5900_BS,Drawer front INT,02.26Y125T4F25D1_1060,02.26Y125T4F25D1_1060,644,80,17,642.8,79.6,0,GP_5900_FABRIC_CREAM_MAT,GP_5900_FABRIC_CREAM_MAT,PRF_00,E3_2098_Fabric28_1MM,E3_2098_Fabric28_1MM,E3_2098_Fabric28_1MM,1
GP_HDH17_5900_BS,Drawer Side RHS,02.26Y125T4F25D1_1061,02.26Y125T4F25D1_1061,450,110,17,448.8,108.8,0,GP_5900_FABRIC_CREAM_MAT,GP_5900_FABRIC_CREAM_MAT,E3_2098_Fabric28_1MM,E3_2098_Fabric28_1MM,E3_2098_Fabric28_1MM,E3_2098_Fabric28_1MM,1
GP_HDH17_5900_BS,Drawer Back,02.26Y125T4F25D1_1062,02.26Y125T4F25D1_1062,644,110,17,642.8,109.6,0,GP_5900_FABRIC_CREAM_MAT,GP_5900_FABRIC_CREAM_MAT,PRF_00,E3_2098_Fabric28_1MM,E3_2098_Fabric28_1MM,E3_2098_Fabric28_1MM,1
GP_HDH17_5900_BS,Drawer Side LHS,02.26Y125T4F25D1_1063,02.26Y125T4F25D1_1063,450,110,17,448.8,108.8,0,GP_5900_FABRIC_CREAM_MAT,GP_5900_FABRIC_CREAM_MAT,E3_2098_Fabric28_1MM,E3_2098_Fabric28_1MM,E3_2098_Fabric28_1MM,E3_2098_Fabric28_1MM,1
GP_HDH_36_5900_BS,Int LS Filler 36mm,02.26Y125T4F25D2_1076,02.26Y125T4F25D2_1076,150,470,36,148.8,468.8,0,GP_5900_FABRIC_CREAM_MAT,GP_5900_FABRIC_CREAM_MAT,E3_2098_Fabric28_1MM,E3_2098_Fabric28_1MM,E3_2098_Fabric28_1MM,E3_2098_Fabric28_1MM,1
GP_HDH_36_5900_BS,Int RS Filler 36 mm,02.26Y125T4F25D2_1079,02.26Y125T4F25D2_1079,150,470,36,148.8,468.8,0,GP_5900_FABRIC_CREAM_MAT,GP_5900_FABRIC_CREAM_MAT,E3_2098_Fabric28_1MM,E3_2098_Fabric28_1MM,E3_2098_Fabric28_1MM,E3_2098_Fabric28_1MM,1
GP_HDH_6_5900_BS,Drawer Bottom,02.26Y125T4F25D2_1090,02.26Y125T4F25D2_1090,483.5,421,6,483.5,421,0,GP_5900_FABRIC_CREAM_MAT,GP_5900_FABRIC_CREAM_MAT,PRF_00,PRF_00,PRF_00,PRF_00,1
GP_HDH_6_5900_BS,Drawer Bottom,02.26Y125T4F25D2_1085,02.26Y125T4F25D2_1085,483.5,421,6,483.5,421,0,GP_5900_FABRIC_CREAM_MAT,GP_5900_FABRIC_CREAM_MAT,PRF_00,PRF_00,PRF_00,PRF_00,1
GP_HDH17_5900_BS,Drawer Front,02.26Y125T4F25D2_1077,02.26Y125T4F25D2_1077,146,536.5,17,144.8,535.3,0,GP_5900_FABRIC_CREAM_MAT,GP_5900_FABRIC_CREAM_MAT,E3_2098_Fabric28_1MM,E3_2098_Fabric28_1MM,E3_2098_Fabric28_1MM,E3_2098_Fabric28_1MM,1
GP_HDH17_5900_BS,Drawer Front,02.26Y125T4F25D2_1080,02.26Y125T4F25D2_1080,146,536.5,17,144.8,535.3,0,GP_5900_FABRIC_CREAM_MAT,GP_5900_FABRIC_CREAM_MAT,E3_2098_Fabric28_1MM,E3_2098_Fabric28_1MM,E3_2098_Fabric28_1MM,E3_2098_Fabric28_1MM,1
GP_HDH17_5900_BS,Drawer front INT,02.26Y125T4F25D2_1086,02.26Y125T4F25D2_1086,473.5,80,17,472.3,79.6,0,GP_5900_FABRIC_CREAM_MAT,GP_5900_FABRIC_CREAM_MAT,PRF_00,E3_2098_Fabric28_1MM,E3_2098_Fabric28_1MM,E3_2098_Fabric28_1MM,1
GP_HDH17_5900_BS,Drawer Side RHS,02.26Y125T4F25D2_1087,02.26Y125T4F25D2_1087,450,110,17,448.8,108.8,0,GP_5900_FABRIC_CREAM_MAT,GP_5900_FABRIC_CREAM_MAT,E3_2098_Fabric28_1MM,E3_2098_Fabric28_1MM,E3_2098_Fabric28_1MM,E3_2098_Fabric28_1MM,1
GP_HDH17_5900_BS,Drawer Back,02.26Y125T4F25D2_1088,02.26Y125T4F25D2_1088,473.5,110,17,472.3,109.6,0,GP_5900_FABRIC_CREAM_MAT,GP_5900_FABRIC_CREAM_MAT,PRF_00,E3_2098_Fabric28_1MM,E3_2098_Fabric28_1MM,E3_2098_Fabric28_1MM,1
GP_HDH17_5900_BS,Drawer Side LHS,02.26Y125T4F25D2_1089,02.26Y125T4F25D2_1089,450,110,17,448.8,108.8,0,GP_5900_FABRIC_CREAM_MAT,GP_5900_FABRIC_CREAM_MAT,E3_2098_Fabric28_1MM,E3_2098_Fabric28_1MM,E3_2098_Fabric28_1MM,E3_2098_Fabric28_1MM,1
GP_HDH17_5900_BS,Drawer front INT,02.26Y125T4F25D2_1081,02.26Y125T4F25D2_1081,473.5,80,17,472.3,79.6,0,GP_5900_FABRIC_CREAM_MAT,GP_5900_FABRIC_CREAM_MAT,PRF_00,E3_2098_Fabric28_1MM,E3_2098_Fabric28_1MM,E3_2098_Fabric28_1MM,1
GP_HDH17_5900_BS,Drawer Side RHS,02.26Y125T4F25D2_1082,02.26Y125T4F25D2_1082,450,110,17,448.8,108.8,0,GP_5900_FABRIC_CREAM_MAT,GP_5900_FABRIC_CREAM_MAT,E3_2098_Fabric28_1MM,E3_2098_Fabric28_1MM,E3_2098_Fabric28_1MM,E3_2098_Fabric28_1MM,1
GP_HDH17_5900_BS,Drawer Back,02.26Y125T4F25D2_1083,02.26Y125T4F25D2_1083,473.5,110,17,472.3,109.6,0,GP_5900_FABRIC_CREAM_MAT,GP_5900_FABRIC_CREAM_MAT,PRF_00,E3_2098_Fabric28_1MM,E3_2098_Fabric28_1MM,E3_2098_Fabric28_1MM,1
GP_HDH17_5900_BS,Drawer Side LHS,02.26Y125T4F25D2_1084,02.26Y125T4F25D2_1084,450,110,17,448.8,108.8,0,GP_5900_FABRIC_CREAM_MAT,GP_5900_FABRIC_CREAM_MAT,E3_2098_Fabric28_1MM,E3_2098_Fabric28_1MM,E3_2098_Fabric28_1MM,E3_2098_Fabric28_1MM,1
GP_HDH_36_5900_BS,Int RS Filler 36 mm,03.26Y125T4F25D3_1079,03.26Y125T4F25D3_1079,200,323,36,198.8,321.8,0,GP_5900_FABRIC_CREAM_MAT,GP_5900_FABRIC_CREAM_MAT,E3_2098_Fabric28_1MM,E3_2098_Fabric28_1MM,E3_2098_Fabric28_1MM,E3_2098_Fabric28_1MM,1
GP_HDH_36_5900_BS,Int RS Filler 36 mm,03.26Y125T4F25D3_1153,03.26Y125T4F25D3_1153,200,470,36,198.8,468.8,0,GP_5900_FABRIC_CREAM_MAT,GP_5900_FABRIC_CREAM_MAT,E3_2098_Fabric28_1MM,E3_2098_Fabric28_1MM,E3_2098_Fabric28_1MM,E3_2098_Fabric28_1MM,1
GP_HDH_6_5900_BS,Drawer Bottom,03.26Y125T4F25D3_1164,03.26Y125T4F25D3_1164,386.5,276,6,386.5,276,0,GP_5900_FABRIC_CREAM_MAT,GP_5900_FABRIC_CREAM_MAT,PRF_00,PRF_00,PRF_00,PRF_00,1
GP_HDH_6_5900_BS,Drawer Bottom,03.26Y125T4F25D3_1142,03.26Y125T4F25D3_1142,386.5,426,6,386.5,426,0,GP_5900_FABRIC_CREAM_MAT,GP_5900_FABRIC_CREAM_MAT,PRF_00,PRF_00,PRF_00,PRF_00,1
GP_HDH17_5900_BS,Drawer Front,03.26Y125T4F25D3_1137,03.26Y125T4F25D3_1137,198,451,17,196.8,449.8,0,GP_5900_FABRIC_CREAM_MAT,GP_5900_FABRIC_CREAM_MAT,E3_2098_Fabric28_1MM,E3_2098_Fabric28_1MM,E3_2098_Fabric28_1MM,E3_2098_Fabric28_1MM,1
GP_HDH17_5900_BS,Drawer Front,03.26Y125T4F25D3_1159,03.26Y125T4F25D3_1159,198,451,17,196.8,449.8,0,GP_5900_FABRIC_CREAM_MAT,GP_5900_FABRIC_CREAM_MAT,E3_2098_Fabric28_1MM,E3_2098_Fabric28_1MM,E3_2098_Fabric28_1MM,E3_2098_Fabric28_1MM,1
GP_HDH17_5900_BS,Drawer front INT,03.26Y125T4F25D3_1160,03.26Y125T4F25D3_1160,376.5,110,17,375.3,109.6,0,GP_5900_FABRIC_CREAM_MAT,GP_5900_FABRIC_CREAM_MAT,PRF_00,E3_2098_Fabric28_1MM,E3_2098_Fabric28_1MM,E3_2098_Fabric28_1MM,1
GP_HDH17_5900_BS,Drawer Side RHS,03.26Y125T4F25D3_1161,03.26Y125T4F25D3_1161,300,140,17,298.8,138.8,0,GP_5900_FABRIC_CREAM_MAT,GP_5900_FABRIC_CREAM_MAT,E3_2098_Fabric28_1MM,E3_2098_Fabric28_1MM,E3_2098_Fabric28_1MM,E3_2098_Fabric28_1MM,1
GP_HDH17_5900_BS,Drawer Back,03.26Y125T4F25D3_1162,03.26Y125T4F25D3_1162,376.5,140,17,375.3,139.6,0,GP_5900_FABRIC_CREAM_MAT,GP_5900_FABRIC_CREAM_MAT,PRF_00,E3_2098_Fabric28_1MM,E3_2098_Fabric28_1MM,E3_2098_Fabric28_1MM,1
GP_HDH17_5900_BS,Drawer Side LHS,03.26Y125T4F25D3_1163,03.26Y125T4F25D3_1163,300,140,17,298.8,138.8,0,GP_5900_FABRIC_CREAM_MAT,GP_5900_FABRIC_CREAM_MAT,E3_2098_Fabric28_1MM,E3_2098_Fabric28_1MM,E3_2098_Fabric28_1MM,E3_2098_Fabric28_1MM,1
GP_HDH17_5900_BS,Drawer front INT,03.26Y125T4F25D3_1138,03.26Y125T4F25D3_1138,376.5,110,17,375.3,109.6,0,GP_5900_FABRIC_CREAM_MAT,GP_5900_FABRIC_CREAM_MAT,PRF_00,E3_2098_Fabric28_1MM,E3_2098_Fabric28_1MM,E3_2098_Fabric28_1MM,1
GP_HDH17_5900_BS,Drawer Side RHS,03.26Y125T4F25D3_1139,03.26Y125T4F25D3_1139,450,140,17,448.8,138.8,0,GP_5900_FABRIC_CREAM_MAT,GP_5900_FABRIC_CREAM_MAT,E3_2098_Fabric28_1MM,E3_2098_Fabric28_1MM,E3_2098_Fabric28_1MM,E3_2098_Fabric28_1MM,1
GP_HDH17_5900_BS,Drawer Back,03.26Y125T4F25D3_1140,03.26Y125T4F25D3_1140,376.5,140,17,375.3,139.6,0,GP_5900_FABRIC_CREAM_MAT,GP_5900_FABRIC_CREAM_MAT,PRF_00,E3_2098_Fabric28_1MM,E3_2098_Fabric28_1MM,E3_2098_Fabric28_1MM,1
GP_HDH17_5900_BS,Drawer Side LHS,03.26Y125T4F25D3_1141,03.26Y125T4F25D3_1141,450,140,17,448.8,138.8,0,GP_5900_FABRIC_CREAM_MAT,GP_5900_FABRIC_CREAM_MAT,E3_2098_Fabric28_1MM,E3_2098_Fabric28_1MM,E3_2098_Fabric28_1MM,E3_2098_Fabric28_1MM,1