Project Name,Pos. barcode,Barcode,Part Name,Cutting Length,Cutting Width,Qty,Lenght,Width,Panel Thickness,Material Name,Face Material 1,Face Material 2,Core material,Edge 1,Edge 2,Edge 3,Edge 4,Grain
Godrej Meridien (204),02.26Y125T4F2D1_1007,26Y125T4F2D1_1007,Door Left,1947.8,401.8,1,1949,403,17,GP_HDH17_125_OS_5900,GP_125_IRISH_CREA_MATT,GP_5900_FABRIC_CREAM_MAT,HDHMR,RE_75705_IRISH_CREAM_1MM,RE_75705_IRISH_CREAM_1MM,RE_75705_IRISH_CREAM_1MM,RE_75705_IRISH_CREAM_1MM,0
Godrej Meridien (204),02.26Y125T4F2D1_1006,26Y125T4F2D1_1006,Door Right,1947.8,401.8,1,1949,403,17,GP_HDH17_125_OS_5900,GP_125_IRISH_CREA_MATT,GP_5900_FABRIC_CREAM_MAT,HDHMR,RE_75705_IRISH_CREAM_1MM,RE_75705_IRISH_CREAM_1MM,RE_75705_IRISH_CREAM_1MM,RE_75705_IRISH_CREAM_1MM,0
Godrej Meridien (204),04.26Y125T4F2D1_1058,26Y125T4F2D1_1058,Door Right,1947.8,381.8,1,1949,383,17,GP_HDH17_125_OS_5900,GP_125_IRISH_CREA_MATT,GP_5900_FABRIC_CREAM_MAT,HDHMR,RE_75705_IRISH_CREAM_1MM,RE_75705_IRISH_CREAM_1MM,RE_75705_IRISH_CREAM_1MM,RE_75705_IRISH_CREAM_1MM,0
Godrej Meridien (204),04.26Y125T4F2D1_1059,26Y125T4F2D1_1059,Filler On Set,1947.8,607.8,1,1949,609,17,GP_HDH17_125_OS_5900,GP_125_IRISH_CREA_MATT,GP_5900_FABRIC_CREAM_MAT,HDHMR,RE_75705_IRISH_CREAM_1MM,RE_75705_IRISH_CREAM_1MM,RE_75705_IRISH_CREAM_1MM,RE_75705_IRISH_CREAM_1MM,0
Godrej Meridien (204),01.26Y125T4F2D1_1051,26Y125T4F2D1_1051,Filler On Set,2047.8,73.8,1,2049,75,17,GP_HDH17_125_OS_5900,GP_125_IRISH_CREA_MATT,GP_5900_FABRIC_CREAM_MAT,HDHMR,RE_75705_IRISH_CREAM_1MM,RE_75705_IRISH_CREAM_1MM,RE_75705_IRISH_CREAM_1MM,RE_75705_IRISH_CREAM_1MM,0
Godrej Meridien (204),03.26Y125T4F2D1_1052,26Y125T4F2D1_1052,Filler On Set,2047.8,96.8,1,2049,98,17,GP_HDH17_125_OS_5900,GP_125_IRISH_CREA_MATT,GP_5900_FABRIC_CREAM_MAT,HDHMR,RE_75705_IRISH_CREAM_1MM,RE_75705_IRISH_CREAM_1MM,RE_75705_IRISH_CREAM_1MM,RE_75705_IRISH_CREAM_1MM,0
Godrej Meridien (204),06.26Y125T4F2D1_1053,26Y125T4F2D1_1053,Filler On Set,2047.8,96.8,1,2049,98,17,GP_HDH17_125_OS_5900,GP_125_IRISH_CREA_MATT,GP_5900_FABRIC_CREAM_MAT,HDHMR,RE_75705_IRISH_CREAM_1MM,RE_75705_IRISH_CREAM_1MM,RE_75705_IRISH_CREAM_1MM,RE_75705_IRISH_CREAM_1MM,0
Godrej Meridien (204),05.26Y125T4F2D1_1021,26Y125T4F2D1_1021,Door Left,1947.8,381.8,1,1949,383,17,GP_HDH17_125_OS_5900,GP_125_IRISH_CREA_MATT,GP_5900_FABRIC_CREAM_MAT,HDHMR,RE_75705_IRISH_CREAM_1MM,RE_75705_IRISH_CREAM_1MM,RE_75705_IRISH_CREAM_1MM,RE_75705_IRISH_CREAM_1MM,0
Godrej Meridien (204),08.26Y125T4F2D1_1047,26Y125T4F2D1_1047,Filler On Set,97.8,996.8,1,99,998,17,GP_HDH17_125_OS_5900,GP_125_IRISH_CREA_MATT,GP_5900_FABRIC_CREAM_MAT,HDHMR,RE_75705_IRISH_CREAM_1MM,RE_75705_IRISH_CREAM_1MM,RE_75705_IRISH_CREAM_1MM,RE_75705_IRISH_CREAM_1MM,0
Godrej Meridien (204),07.26Y125T4F2D1_1054,26Y125T4F2D1_1054,Filler On Set,97.8,996.8,1,99,998,17,GP_HDH17_125_OS_5900,GP_125_IRISH_CREA_MATT,GP_5900_FABRIC_CREAM_MAT,HDHMR,RE_75705_IRISH_CREAM_1MM,RE_75705_IRISH_CREAM_1MM,RE_75705_IRISH_CREAM_1MM,RE_75705_IRISH_CREAM_1MM,0
Godrej Meridien (204),11.26Y125T4F2D1_1067,26Y125T4F2D1_1067,Base Filler,808.8,98.8,1,810,100,17,GP_HDH17_125_OS_5900,GP_125_IRISH_CREA_MATT,GP_5900_FABRIC_CREAM_MAT,HDHMR,RE_75705_IRISH_CREAM_1MM,RE_75705_IRISH_CREAM_1MM,RE_75705_IRISH_CREAM_1MM,RE_75705_IRISH_CREAM_1MM,0
Godrej Meridien (204),12.26Y125T4F2D1_1068,26Y125T4F2D1_1068,Base Filler,1379.8,98.8,1,1381,100,17,GP_HDH17_125_OS_5900,GP_125_IRISH_CREA_MATT,GP_5900_FABRIC_CREAM_MAT,HDHMR,RE_75705_IRISH_CREAM_1MM,RE_75705_IRISH_CREAM_1MM,RE_75705_IRISH_CREAM_1MM,RE_75705_IRISH_CREAM_1MM,0
Godrej Meridien (204),02.26Y125T4F2D1_1001,26Y125T4F2D1_1001,Right Side,1948.8,558.8,1,1950,560,17,GP_HDH17_5900_BS,GP_5900_FABRIC_CREAM_MAT,GP_5900_FABRIC_CREAM_MAT,HDHMR,RE_75705_IRISH_CREAM_1MM,E3_2098_Fabric28_1MM,E3_2098_Fabric28_1MM,E3_2098_Fabric28_1MM,0
Godrej Meridien (204),02.26Y125T4F2D1_1002,26Y125T4F2D1_1002,Left Side,1948.8,558.8,1,1950,560,17,GP_HDH17_5900_BS,GP_5900_FABRIC_CREAM_MAT,GP_5900_FABRIC_CREAM_MAT,HDHMR,RE_75705_IRISH_CREAM_1MM,E3_2098_Fabric28_1MM,E3_2098_Fabric28_1MM,E3_2098_Fabric28_1MM,0
Godrej Meridien (204),02.26Y125T4F2D1_1003,26Y125T4F2D1_1003,Bottom Shelf,774.8,558.8,1,776,560,17,GP_HDH17_5900_BS,GP_5900_FABRIC_CREAM_MAT,GP_5900_FABRIC_CREAM_MAT,HDHMR,RE_75705_IRISH_CREAM_1MM,E3_2098_Fabric28_1MM,E3_2098_Fabric28_1MM,E3_2098_Fabric28_1MM,0
Godrej Meridien (204),02.26Y125T4F2D1_1004,26Y125T4F2D1_1004,Top Shelf,774.8,558.8,1,776,560,17,GP_HDH17_5900_BS,GP_5900_FABRIC_CREAM_MAT,GP_5900_FABRIC_CREAM_MAT,HDHMR,RE_75705_IRISH_CREAM_1MM,E3_2098_Fabric28_1MM,E3_2098_Fabric28_1MM,E3_2098_Fabric28_1MM,0
Godrej Meridien (204),02.26Y125T4F2D1_1005,26Y125T4F2D1_1005,Fixed Shelf,774.8,528.8,1,776,530,17,GP_HDH17_5900_BS,GP_5900_FABRIC_CREAM_MAT,GP_5900_FABRIC_CREAM_MAT,HDHMR,E3_2098_Fabric28_1MM,E3_2098_Fabric28_1MM,E3_2098_Fabric28_1MM,E3_2098_Fabric28_1MM,0
Godrej Meridien (204),02.26Y125T4F2D1_1009,26Y125T4F2D1_1009,Adjustable Shelf,773.8,528.8,1,775,530,17,GP_HDH17_5900_BS,GP_5900_FABRIC_CREAM_MAT,GP_5900_FABRIC_CREAM_MAT,HDHMR,E3_2098_Fabric28_1MM,E3_2098_Fabric28_1MM,E3_2098_Fabric28_1MM,E3_2098_Fabric28_1MM,0
Godrej Meridien (204),02.26Y125T4F2D1_1013,26Y125T4F2D1_1013,Fixed Shelf,774.8,528.8,1,776,530,17,GP_HDH17_5900_BS,GP_5900_FABRIC_CREAM_MAT,GP_5900_FABRIC_CREAM_MAT,HDHMR,E3_2098_Fabric28_1MM,E3_2098_Fabric28_1MM,E3_2098_Fabric28_1MM,E3_2098_Fabric28_1MM,0
Godrej Meridien (204),04.26Y125T4F2D1_1031,26Y125T4F2D1_1031,Right Side,1948.8,558.8,1,1950,560,17,GP_HDH17_5900_BS,GP_5900_FABRIC_CREAM_MAT,GP_5900_FABRIC_CREAM_MAT,HDHMR,RE_75705_IRISH_CREAM_1MM,E3_2098_Fabric28_1MM,E3_2098_Fabric28_1MM,E3_2098_Fabric28_1MM,0
Godrej Meridien (204),04.26Y125T4F2D1_1032,26Y125T4F2D1_1032,Left Side,1948.8,558.8,1,1950,560,17,GP_HDH17_5900_BS,GP_5900_FABRIC_CREAM_MAT,GP_5900_FABRIC_CREAM_MAT,HDHMR,RE_75705_IRISH_CREAM_1MM,E3_2098_Fabric28_1MM,E3_2098_Fabric28_1MM,E3_2098_Fabric28_1MM,0
Godrej Meridien (204),04.26Y125T4F2D1_1033,26Y125T4F2D1_1033,Bottom Shelf,960.8,558.8,1,962,560,17,GP_HDH17_5900_BS,GP_5900_FABRIC_CREAM_MAT,GP_5900_FABRIC_CREAM_MAT,HDHMR,RE_75705_IRISH_CREAM_1MM,E3_2098_Fabric28_1MM,E3_2098_Fabric28_1MM,E3_2098_Fabric28_1MM,0
Godrej Meridien (204),04.26Y125T4F2D1_1034,26Y125T4F2D1_1034,Top Shelf,960.8,558.8,1,962,560,17,GP_HDH17_5900_BS,GP_5900_FABRIC_CREAM_MAT,GP_5900_FABRIC_CREAM_MAT,HDHMR,RE_75705_IRISH_CREAM_1MM,E3_2098_Fabric28_1MM,E3_2098_Fabric28_1MM,E3_2098_Fabric28_1MM,0
Godrej Meridien (204),04.26Y125T4F2D1_1043,26Y125T4F2D1_1043,Fixed Shelf,960.8,528.8,1,962,530,17,GP_HDH17_5900_BS,GP_5900_FABRIC_CREAM_MAT,GP_5900_FABRIC_CREAM_MAT,HDHMR,E3_2098_Fabric28_1MM,E3_2098_Fabric28_1MM,E3_2098_Fabric28_1MM,E3_2098_Fabric28_1MM,0
Godrej Meridien (204),04.26Y125T4F2D1_1044,26Y125T4F2D1_1044,Adjustable Shelf,959.8,528.8,1,961,530,17,GP_HDH17_5900_BS,GP_5900_FABRIC_CREAM_MAT,GP_5900_FABRIC_CREAM_MAT,HDHMR,E3_2098_Fabric28_1MM,E3_2098_Fabric28_1MM,E3_2098_Fabric28_1MM,E3_2098_Fabric28_1MM,0
Godrej Meridien (204),05.26Y125T4F2D1_1016,26Y125T4F2D1_1016,Right Side,1948.8,558.8,1,1950,560,17,GP_HDH17_5900_BS,GP_5900_FABRIC_CREAM_MAT,GP_5900_FABRIC_CREAM_MAT,HDHMR,RE_75705_IRISH_CREAM_1MM,E3_2098_Fabric28_1MM,E3_2098_Fabric28_1MM,E3_2098_Fabric28_1MM,0
Godrej Meridien (204),05.26Y125T4F2D1_1017,26Y125T4F2D1_1017,Left Side,1948.8,558.8,1,1950,560,17,GP_HDH17_5900_BS,GP_5900_FABRIC_CREAM_MAT,GP_5900_FABRIC_CREAM_MAT,HDHMR,RE_75705_IRISH_CREAM_1MM,E3_2098_Fabric28_1MM,E3_2098_Fabric28_1MM,E3_2098_Fabric28_1MM,0
Godrej Meridien (204),05.26Y125T4F2D1_1018,26Y125T4F2D1_1018,Bottom Shelf,349.8,558.8,1,351,560,17,GP_HDH17_5900_BS,GP_5900_FABRIC_CREAM_MAT,GP_5900_FABRIC_CREAM_MAT,HDHMR,RE_75705_IRISH_CREAM_1MM,E3_2098_Fabric28_1MM,E3_2098_Fabric28_1MM,E3_2098_Fabric28_1MM,0
Godrej Meridien (204),05.26Y125T4F2D1_1019,26Y125T4F2D1_1019,Top Shelf,349.8,558.8,1,351,560,17,GP_HDH17_5900_BS,GP_5900_FABRIC_CREAM_MAT,GP_5900_FABRIC_CREAM_MAT,HDHMR,RE_75705_IRISH_CREAM_1MM,E3_2098_Fabric28_1MM,E3_2098_Fabric28_1MM,E3_2098_Fabric28_1MM,0
Godrej Meridien (204),05.26Y125T4F2D1_1020,26Y125T4F2D1_1020,Fixed Shelf,349.8,528.8,1,351,530,17,GP_HDH17_5900_BS,GP_5900_FABRIC_CREAM_MAT,GP_5900_FABRIC_CREAM_MAT,HDHMR,E3_2098_Fabric28_1MM,E3_2098_Fabric28_1MM,E3_2098_Fabric28_1MM,E3_2098_Fabric28_1MM,0
Godrej Meridien (204),05.26Y125T4F2D1_1055,26Y125T4F2D1_1055,Adjustable Shelf,348.8,528.8,1,350,530,17,GP_HDH17_5900_BS,GP_5900_FABRIC_CREAM_MAT,GP_5900_FABRIC_CREAM_MAT,HDHMR,E3_2098_Fabric28_1MM,E3_2098_Fabric28_1MM,E3_2098_Fabric28_1MM,E3_2098_Fabric28_1MM,0
Godrej Meridien (204),04.26Y125T4F2D1_1048,26Y125T4F2D1_1048,Fixed Shelf,960.8,528.8,1,962,530,17,GP_HDH17_5900_BS,GP_5900_FABRIC_CREAM_MAT,GP_5900_FABRIC_CREAM_MAT,HDHMR,E3_2098_Fabric28_1MM,E3_2098_Fabric28_1MM,E3_2098_Fabric28_1MM,E3_2098_Fabric28_1MM,0
Godrej Meridien (204),09.26Y125T4F2D1_1065,26Y125T4F2D1_1065,Base Filler,1379.8,98.8,1,1381,100,17,GP_HDH17_5900_BS,GP_5900_FABRIC_CREAM_MAT,GP_5900_FABRIC_CREAM_MAT,HDHMR,E3_2098_Fabric28_1MM,E3_2098_Fabric28_1MM,E3_2098_Fabric28_1MM,E3_2098_Fabric28_1MM,0
Godrej Meridien (204),10.26Y125T4F2D1_1066,26Y125T4F2D1_1066,Base Filler,808.8,98.8,1,810,100,17,GP_HDH17_5900_BS,GP_5900_FABRIC_CREAM_MAT,GP_5900_FABRIC_CREAM_MAT,HDHMR,E3_2098_Fabric28_1MM,E3_2098_Fabric28_1MM,E3_2098_Fabric28_1MM,E3_2098_Fabric28_1MM,0
Godrej Meridien (301),02.26Y125T4F3A1_1007,26Y125T4F3A1_1007,Door Left,1947.8,396.8,1,1949,398,17,GP_HDH17_125_OS_5900,GP_125_IRISH_CREA_MATT,GP_5900_FABRIC_CREAM_MAT,HDHMR,RE_75705_IRISH_CREAM_1MM,RE_75705_IRISH_CREAM_1MM,RE_75705_IRISH_CREAM_1MM,RE_75705_IRISH_CREAM_1MM,0
Godrej Meridien (301),02.26Y125T4F3A1_1006,26Y125T4F3A1_1006,Door Right,1947.8,396.8,1,1949,398,17,GP_HDH17_125_OS_5900,GP_125_IRISH_CREA_MATT,GP_5900_FABRIC_CREAM_MAT,HDHMR,RE_75705_IRISH_CREAM_1MM,RE_75705_IRISH_CREAM_1MM,RE_75705_IRISH_CREAM_1MM,RE_75705_IRISH_CREAM_1MM,0
Godrej Meridien (301),04.26Y125T4F3A1_1058,26Y125T4F3A1_1058,Filler On Set,1947.8,615.8,1,1949,617,17,GP_HDH17_125_OS_5900,GP_125_IRISH_CREA_MATT,GP_5900_FABRIC_CREAM_MAT,HDHMR,RE_75705_IRISH_CREAM_1MM,RE_75705_IRISH_CREAM_1MM,RE_75705_IRISH_CREAM_1MM,RE_75705_IRISH_CREAM_1MM,0
Godrej Meridien (301),04.26Y125T4F3A1_1059,26Y125T4F3A1_1059,Door Left,1947.8,371.8,1,1949,373,17,GP_HDH17_125_OS_5900,GP_125_IRISH_CREA_MATT,GP_5900_FABRIC_CREAM_MAT,HDHMR,RE_75705_IRISH_CREAM_1MM,RE_75705_IRISH_CREAM_1MM,RE_75705_IRISH_CREAM_1MM,RE_75705_IRISH_CREAM_1MM,0
Godrej Meridien (301),01.26Y125T4F3A1_1051,26Y125T4F3A1_1051,Filler On Set,2047.8,96.8,1,2049,98,17,GP_HDH17_125_OS_5900,GP_125_IRISH_CREA_MATT,GP_5900_FABRIC_CREAM_MAT,HDHMR,RE_75705_IRISH_CREAM_1MM,RE_75705_IRISH_CREAM_1MM,RE_75705_IRISH_CREAM_1MM,RE_75705_IRISH_CREAM_1MM,0
Godrej Meridien (301),03.26Y125T4F3A1_1052,26Y125T4F3A1_1052,Filler On Set,2047.8,96.8,1,2049,98,17,GP_HDH17_125_OS_5900,GP_125_IRISH_CREA_MATT,GP_5900_FABRIC_CREAM_MAT,HDHMR,RE_75705_IRISH_CREAM_1MM,RE_75705_IRISH_CREAM_1MM,RE_75705_IRISH_CREAM_1MM,RE_75705_IRISH_CREAM_1MM,0
Godrej Meridien (301),06.26Y125T4F3A1_1053,26Y125T4F3A1_1053,Filler On Set,2047.8,73.8,1,2049,75,17,GP_HDH17_125_OS_5900,GP_125_IRISH_CREA_MATT,GP_5900_FABRIC_CREAM_MAT,HDHMR,RE_75705_IRISH_CREAM_1MM,RE_75705_IRISH_CREAM_1MM,RE_75705_IRISH_CREAM_1MM,RE_75705_IRISH_CREAM_1MM,0
Godrej Meridien (301),05.26Y125T4F3A1_1021,26Y125T4F3A1_1021,Door Right,1947.8,371.8,1,1949,373,17,GP_HDH17_125_OS_5900,GP_125_IRISH_CREA_MATT,GP_5900_FABRIC_CREAM_MAT,HDHMR,RE_75705_IRISH_CREAM_1MM,RE_75705_IRISH_CREAM_1MM,RE_75705_IRISH_CREAM_1MM,RE_75705_IRISH_CREAM_1MM,0
Godrej Meridien (301),08.26Y125T4F3A1_1047,26Y125T4F3A1_1047,Filler On Set,97.8,996.8,1,99,998,17,GP_HDH17_125_OS_5900,GP_125_IRISH_CREA_MATT,GP_5900_FABRIC_CREAM_MAT,HDHMR,RE_75705_IRISH_CREAM_1MM,RE_75705_IRISH_CREAM_1MM,RE_75705_IRISH_CREAM_1MM,RE_75705_IRISH_CREAM_1MM,0
Godrej Meridien (301),07.26Y125T4F3A1_1054,26Y125T4F3A1_1054,Filler On Set,97.8,956.8,1,99,958,17,GP_HDH17_125_OS_5900,GP_125_IRISH_CREA_MATT,GP_5900_FABRIC_CREAM_MAT,HDHMR,RE_75705_IRISH_CREAM_1MM,RE_75705_IRISH_CREAM_1MM,RE_75705_IRISH_CREAM_1MM,RE_75705_IRISH_CREAM_1MM,0
Godrej Meridien (301),20.26Y125T4F3A1_1069,26Y125T4F3A1_1069,Base Filler,1367.8,98.8,1,1369,100,17,GP_HDH17_125_OS_5900,GP_125_IRISH_CREA_MATT,GP_5900_FABRIC_CREAM_MAT,HDHMR,RE_75705_IRISH_CREAM_1MM,RE_75705_IRISH_CREAM_1MM,RE_75705_IRISH_CREAM_1MM,RE_75705_IRISH_CREAM_1MM,0
Godrej Meridien (301),11.26Y125T4F3A1_1067,26Y125T4F3A1_1067,Base Filler,798.8,98.8,1,800,100,17,GP_HDHMRMDF17_125_OS_5900,GP_125_IRISH_CREA_MATT,GP_5900_FABRIC_CREAM_MAT,HDHMR,RE_75705_IRISH_CREAM_1MM,RE_75705_IRISH_CREAM_1MM,RE_75705_IRISH_CREAM_1MM,RE_75705_IRISH_CREAM_1MM,0
Godrej Meridien (301),23.26Y125T4F3A1_1070,26Y125T4F3A1_1070,Base Filler,1367.8,98.8,1,1369,100,17,GP_HDH17_125_OS_5900,GP_125_IRISH_CREA_MATT,GP_5900_FABRIC_CREAM_MAT,HDHMR,RE_75705_IRISH_CREAM_1MM,RE_75705_IRISH_CREAM_1MM,RE_75705_IRISH_CREAM_1MM,RE_75705_IRISH_CREAM_1MM,0
Godrej Meridien (301),02.26Y125T4F3A1_1001,26Y125T4F3A1_1001,Right Side,1948.8,558.8,1,1950,560,17,GP_HDH17_5900_BS,GP_5900_FABRIC_CREAM_MAT,GP_5900_FABRIC_CREAM_MAT,HDHMR,RE_75705_IRISH_CREAM_1MM,E3_2098_Fabric28_1MM,E3_2098_Fabric28_1MM,E3_2098_Fabric28_1MM,0
Godrej Meridien (301),02.26Y125T4F3A1_1002,26Y125T4F3A1_1002,Left Side,1948.8,558.8,1,1950,560,17,GP_HDH17_5900_BS,GP_5900_FABRIC_CREAM_MAT,GP_5900_FABRIC_CREAM_MAT,HDHMR,RE_75705_IRISH_CREAM_1MM,E3_2098_Fabric28_1MM,E3_2098_Fabric28_1MM,E3_2098_Fabric28_1MM,0
Godrej Meridien (301),02.26Y125T4F3A1_1003,26Y125T4F3A1_1003,Bottom Shelf,764.8,558.8,1,766,560,17,GP_HDH17_5900_BS,GP_5900_FABRIC_CREAM_MAT,GP_5900_FABRIC_CREAM_MAT,HDHMR,RE_75705_IRISH_CREAM_1MM,E3_2098_Fabric28_1MM,E3_2098_Fabric28_1MM,E3_2098_Fabric28_1MM,0
Godrej Meridien (301),02.26Y125T4F3A1_1004,26Y125T4F3A1_1004,Top Shelf,764.8,558.8,1,766,560,17,GP_HDH17_5900_BS,GP_5900_FABRIC_CREAM_MAT,GP_5900_FABRIC_CREAM_MAT,HDHMR,RE_75705_IRISH_CREAM_1MM,E3_2098_Fabric28_1MM,E3_2098_Fabric28_1MM,E3_2098_Fabric28_1MM,0
Godrej Meridien (301),02.26Y125T4F3A1_1005,26Y125T4F3A1_1005,Fixed Shelf,764.8,528.8,1,766,530,17,GP_HDH17_5900_BS,GP_5900_FABRIC_CREAM_MAT,GP_5900_FABRIC_CREAM_MAT,HDHMR,E3_2098_Fabric28_1MM,E3_2098_Fabric28_1MM,E3_2098_Fabric28_1MM,E3_2098_Fabric28_1MM,0
Godrej Meridien (301),02.26Y125T4F3A1_1009,26Y125T4F3A1_1009,Adjustable Shelf,763.8,528.8,1,765,530,17,GP_HDH17_5900_BS,GP_5900_FABRIC_CREAM_MAT,GP_5900_FABRIC_CREAM_MAT,HDHMR,E3_2098_Fabric28_1MM,E3_2098_Fabric28_1MM,E3_2098_Fabric28_1MM,E3_2098_Fabric28_1MM,0
Godrej Meridien (301),02.26Y125T4F3A1_1013,26Y125T4F3A1_1013,Fixed Shelf,764.8,528.8,1,766,530,17,GP_HDH17_5900_BS,GP_5900_FABRIC_CREAM_MAT,GP_5900_FABRIC_CREAM_MAT,HDHMR,E3_2098_Fabric28_1MM,E3_2098_Fabric28_1MM,E3_2098_Fabric28_1MM,E3_2098_Fabric28_1MM,0
Godrej Meridien (301),04.26Y125T4F3A1_1031,26Y125T4F3A1_1031,Right Side,1948.8,558.8,1,1950,560,17,GP_HDH17_5900_BS,GP_5900_FABRIC_CREAM_MAT,GP_5900_FABRIC_CREAM_MAT,HDHMR,RE_75705_IRISH_CREAM_1MM,E3_2098_Fabric28_1MM,E3_2098_Fabric28_1MM,E3_2098_Fabric28_1MM,0
Godrej Meridien (301),04.26Y125T4F3A1_1032,26Y125T4F3A1_1032,Left Side,1948.8,558.8,1,1950,560,17,GP_HDH17_5900_BS,GP_5900_FABRIC_CREAM_MAT,GP_5900_FABRIC_CREAM_MAT,HDHMR,RE_75705_IRISH_CREAM_1MM,E3_2098_Fabric28_1MM,E3_2098_Fabric28_1MM,E3_2098_Fabric28_1MM,0
Godrej Meridien (301),04.26Y125T4F3A1_1033,26Y125T4F3A1_1033,Bottom Shelf,958.8,558.8,1,960,560,17,GP_HDH17_5900_BS,GP_5900_FABRIC_CREAM_MAT,GP_5900_FABRIC_CREAM_MAT,HDHMR,RE_75705_IRISH_CREAM_1MM,E3_2098_Fabric28_1MM,E3_2098_Fabric28_1MM,E3_2098_Fabric28_1MM,0
Godrej Meridien (301),04.26Y125T4F3A1_1034,26Y125T4F3A1_1034,Top Shelf,958.8,558.8,1,960,560,17,GP_HDH17_5900_BS,GP_5900_FABRIC_CREAM_MAT,GP_5900_FABRIC_CREAM_MAT,HDHMR,RE_75705_IRISH_CREAM_1MM,E3_2098_Fabric28_1MM,E3_2098_Fabric28_1MM,E3_2098_Fabric28_1MM,0
Godrej Meridien (301),04.26Y125T4F3A1_1043,26Y125T4F3A1_1043,Fixed Shelf,958.8,528.8,1,960,530,17,GP_HDH17_5900_BS,GP_5900_FABRIC_CREAM_MAT,GP_5900_FABRIC_CREAM_MAT,HDHMR,E3_2098_Fabric28_1MM,E3_2098_Fabric28_1MM,E3_2098_Fabric28_1MM,E3_2098_Fabric28_1MM,0
Godrej Meridien (301),04.26Y125T4F3A1_1044,26Y125T4F3A1_1044,Adjustable Shelf,957.8,528.8,1,959,530,17,GP_HDH17_5900_BS,GP_5900_FABRIC_CREAM_MAT,GP_5900_FABRIC_CREAM_MAT,HDHMR,E3_2098_Fabric28_1MM,E3_2098_Fabric28_1MM,E3_2098_Fabric28_1MM,E3_2098_Fabric28_1MM,0
Godrej Meridien (301),05.26Y125T4F3A1_1016,26Y125T4F3A1_1016,Right Side,1948.8,558.8,1,1950,560,17,GP_HDH17_5900_BS,GP_5900_FABRIC_CREAM_MAT,GP_5900_FABRIC_CREAM_MAT,HDHMR,RE_75705_IRISH_CREAM_1MM,E3_2098_Fabric28_1MM,E3_2098_Fabric28_1MM,E3_2098_Fabric28_1MM,0
Godrej Meridien (301),05.26Y125T4F3A1_1017,26Y125T4F3A1_1017,Left Side,1948.8,558.8,1,1950,560,17,GP_HDH17_5900_BS,GP_5900_FABRIC_CREAM_MAT,GP_5900_FABRIC_CREAM_MAT,HDHMR,RE_75705_IRISH_CREAM_1MM,E3_2098_Fabric28_1MM,E3_2098_Fabric28_1MM,E3_2098_Fabric28_1MM,0
Godrej Meridien (301),05.26Y125T4F3A1_1018,26Y125T4F3A1_1018,Bottom Shelf,339.8,558.8,1,341,560,17,GP_HDH17_5900_BS,GP_5900_FABRIC_CREAM_MAT,GP_5900_FABRIC_CREAM_MAT,HDHMR,RE_75705_IRISH_CREAM_1MM,E3_2098_Fabric28_1MM,E3_2098_Fabric28_1MM,E3_2098_Fabric28_1MM,0
Godrej Meridien (301),05.26Y125T4F3A1_1019,26Y125T4F3A1_1019,Top Shelf,339.8,558.8,1,341,560,17,GP_HDH17_5900_BS,GP_5900_FABRIC_CREAM_MAT,GP_5900_FABRIC_CREAM_MAT,HDHMR,RE_75705_IRISH_CREAM_1MM,E3_2098_Fabric28_1MM,E3_2098_Fabric28_1MM,E3_2098_Fabric28_1MM,0
Godrej Meridien (301),05.26Y125T4F3A1_1020,26Y125T4F3A1_1020,Fixed Shelf,339.8,528.8,1,341,530,17,GP_HDH17_5900_BS,GP_5900_FABRIC_CREAM_MAT,GP_5900_FABRIC_CREAM_MAT,HDHMR,E3_2098_Fabric28_1MM,E3_2098_Fabric28_1MM,E3_2098_Fabric28_1MM,E3_2098_Fabric28_1MM,0
Godrej Meridien (301),05.26Y125T4F3A1_1055,26Y125T4F3A1_1055,Adjustable Shelf,338.8,528.8,1,340,530,17,GP_HDH17_5900_BS,GP_5900_FABRIC_CREAM_MAT,GP_5900_FABRIC_CREAM_MAT,HDHMR,E3_2098_Fabric28_1MM,E3_2098_Fabric28_1MM,E3_2098_Fabric28_1MM,E3_2098_Fabric28_1MM,0
Godrej Meridien (301),04.26Y125T4F3A1_1048,26Y125T4F3A1_1048,Fixed Shelf,958.8,528.8,1,960,530,17,GP_HDH17_5900_BS,GP_5900_FABRIC_CREAM_MAT,GP_5900_FABRIC_CREAM_MAT,HDHMR,E3_2098_Fabric28_1MM,E3_2098_Fabric28_1MM,E3_2098_Fabric28_1MM,E3_2098_Fabric28_1MM,0
Godrej Meridien (301),10.26Y125T4F3A1_1066,26Y125T4F3A1_1066,Base Filler,798.8,98.8,1,800,100,17,GP_HDH17_5900_BS,GP_5900_FABRIC_CREAM_MAT,GP_5900_FABRIC_CREAM_MAT,HDHMR,E3_2098_Fabric28_1MM,E3_2098_Fabric28_1MM,E3_2098_Fabric28_1MM,E3_2098_Fabric28_1MM,0
Godrej Meridien (301),02.26Y125T4F3A2_1037,26Y125T4F3A2_1037,Door Left,2202.8,586.8,1,2204,588,17,GP_HDH17_125_OS_5900,GP_125_IRISH_CREA_MATT,GP_5900_FABRIC_CREAM_MAT,HDHMR,RE_75705_IRISH_CREAM_1MM,RE_75705_IRISH_CREAM_1MM,RE_75705_IRISH_CREAM_1MM,RE_75705_IRISH_CREAM_1MM,0
Godrej Meridien (301),02.26Y125T4F3A2_1036,26Y125T4F3A2_1036,Door Right,2202.8,586.8,1,2204,588,17,GP_HDH17_125_OS_5900,GP_125_IRISH_CREA_MATT,GP_5900_FABRIC_CREAM_MAT,HDHMR,RE_75705_IRISH_CREAM_1MM,RE_75705_IRISH_CREAM_1MM,RE_75705_IRISH_CREAM_1MM,RE_75705_IRISH_CREAM_1MM,0
Godrej Meridien (301),05.26Y125T4F3A2_1072,26Y125T4F3A2_1072,Base Filler,1178.8,98.8,1,1180,100,17,GP_HDH17_125_OS_5900,GP_125_IRISH_CREA_MATT,GP_5900_FABRIC_CREAM_MAT,HDHMR,RE_75705_IRISH_CREAM_1MM,RE_75705_IRISH_CREAM_1MM,RE_75705_IRISH_CREAM_1MM,RE_75705_IRISH_CREAM_1MM,0
Godrej Meridien (301),06.26Y125T4F3A2_1073,26Y125T4F3A2_1073,Base Filler,1178.8,98.8,1,1180,100,17,GP_HDH17_125_OS_5900,GP_125_IRISH_CREA_MATT,GP_5900_FABRIC_CREAM_MAT,HDHMR,RE_75705_IRISH_CREAM_1MM,RE_75705_IRISH_CREAM_1MM,RE_75705_IRISH_CREAM_1MM,RE_75705_IRISH_CREAM_1MM,0
Godrej Meridien (301),04.26Y125T4F3A2_1047,26Y125T4F3A2_1047,Filler On Set,97.8,1376.8,1,99,1378,17,GP_HDH17_125_OS_5900,GP_125_IRISH_CREA_MATT,GP_5900_FABRIC_CREAM_MAT,HDHMR,RE_75705_IRISH_CREAM_1MM,RE_75705_IRISH_CREAM_1MM,RE_75705_IRISH_CREAM_1MM,RE_75705_IRISH_CREAM_1MM,0
Godrej Meridien (301),01.26Y125T4F3A2_1051,26Y125T4F3A2_1051,Filler On Set,2302.8,73.8,1,2304,75,17,GP_HDH17_125_OS_5900,GP_125_IRISH_CREA_MATT,GP_5900_FABRIC_CREAM_MAT,HDHMR,RE_75705_IRISH_CREAM_1MM,RE_75705_IRISH_CREAM_1MM,RE_75705_IRISH_CREAM_1MM,RE_75705_IRISH_CREAM_1MM,0
Godrej Meridien (301),03.26Y125T4F3A2_1053,26Y125T4F3A2_1053,Filler On Set,2302.8,96.8,1,2304,98,17,GP_HDH17_125_OS_5900,GP_125_IRISH_CREA_MATT,GP_5900_FABRIC_CREAM_MAT,HDHMR,RE_75705_IRISH_CREAM_1MM,RE_75705_IRISH_CREAM_1MM,RE_75705_IRISH_CREAM_1MM,RE_75705_IRISH_CREAM_1MM,0
Godrej Meridien (301),02.26Y125T4F3A2_1031,26Y125T4F3A2_1031,Right Side,2203.8,558.8,1,2205,560,17,GP_HDH17_5900_BS,GP_5900_FABRIC_CREAM_MAT,GP_5900_FABRIC_CREAM_MAT,HDHMR,RE_75705_IRISH_CREAM_1MM,E3_2098_Fabric28_1MM,E3_2098_Fabric28_1MM,E3_2098_Fabric28_1MM,0
Godrej Meridien (301),02.26Y125T4F3A2_1032,26Y125T4F3A2_1032,Left Side,2203.8,558.8,1,2205,560,17,GP_HDH17_5900_BS,GP_5900_FABRIC_CREAM_MAT,GP_5900_FABRIC_CREAM_MAT,HDHMR,RE_75705_IRISH_CREAM_1MM,E3_2098_Fabric28_1MM,E3_2098_Fabric28_1MM,E3_2098_Fabric28_1MM,0
Godrej Meridien (301),02.26Y125T4F3A2_1033,26Y125T4F3A2_1033,Bottom Shelf,1144.8,558.8,1,1146,560,17,GP_HDH17_5900_BS,GP_5900_FABRIC_CREAM_MAT,GP_5900_FABRIC_CREAM_MAT,HDHMR,RE_75705_IRISH_CREAM_1MM,E3_2098_Fabric28_1MM,E3_2098_Fabric28_1MM,E3_2098_Fabric28_1MM,0
Godrej Meridien (301),02.26Y125T4F3A2_1034,26Y125T4F3A2_1034,Top Shelf,1144.8,558.8,1,1146,560,17,GP_HDH17_5900_BS,GP_5900_FABRIC_CREAM_MAT,GP_5900_FABRIC_CREAM_MAT,HDHMR,RE_75705_IRISH_CREAM_1MM,E3_2098_Fabric28_1MM,E3_2098_Fabric28_1MM,E3_2098_Fabric28_1MM,0
Godrej Meridien (301),02.26Y125T4F3A2_1035,26Y125T4F3A2_1035,Fixed Shelf,1144.8,528.8,1,1146,530,17,GP_HDH17_5900_BS,GP_5900_FABRIC_CREAM_MAT,GP_5900_FABRIC_CREAM_MAT,HDHMR,E3_2098_Fabric28_1MM,E3_2098_Fabric28_1MM,E3_2098_Fabric28_1MM,E3_2098_Fabric28_1MM,0
Godrej Meridien (301),02.26Y125T4F3A2_1074,26Y125T4F3A2_1074,Partition,615.8,528.8,1,617,530,17,GP_HDH17_5900_BS,GP_5900_FABRIC_CREAM_MAT,GP_5900_FABRIC_CREAM_MAT,HDHMR,E3_2098_Fabric28_1MM,E3_2098_Fabric28_1MM,E3_2098_Fabric28_1MM,E3_2098_Fabric28_1MM,0
Godrej Meridien (301),02.26Y125T4F3A2_1075,26Y125T4F3A2_1075,Adjustable Shelf,562.3,528.8,1,563.5,530,17,GP_HDH17_5900_BS,GP_5900_FABRIC_CREAM_MAT,GP_5900_FABRIC_CREAM_MAT,HDHMR,E3_2098_Fabric28_1MM,E3_2098_Fabric28_1MM,E3_2098_Fabric28_1MM,E3_2098_Fabric28_1MM,0
Godrej Meridien (301),02.26Y125T4F3A2_1078,26Y125T4F3A2_1078,Adjustable Shelf,562.3,528.8,1,563.5,530,17,GP_HDH17_5900_BS,GP_5900_FABRIC_CREAM_MAT,GP_5900_FABRIC_CREAM_MAT,HDHMR,E3_2098_Fabric28_1MM,E3_2098_Fabric28_1MM,E3_2098_Fabric28_1MM,E3_2098_Fabric28_1MM,0
Godrej Meridien (301),02.26Y125T4F3A2_1043,26Y125T4F3A2_1043,Fixed Shelf,1144.8,528.8,1,1146,530,17,GP_HDH17_5900_BS,GP_5900_FABRIC_CREAM_MAT,GP_5900_FABRIC_CREAM_MAT,HDHMR,E3_2098_Fabric28_1MM,E3_2098_Fabric28_1MM,E3_2098_Fabric28_1MM,E3_2098_Fabric28_1MM,0
Godrej Meridien (301),02.26Y125T4F3A2_1048,26Y125T4F3A2_1048,Adjustable Shelf,1143.8,528.8,1,1145,530,17,GP_HDH17_5900_BS,GP_5900_FABRIC_CREAM_MAT,GP_5900_FABRIC_CREAM_MAT,HDHMR,E3_2098_Fabric28_1MM,E3_2098_Fabric28_1MM,E3_2098_Fabric28_1MM,E3_2098_Fabric28_1MM,0
Godrej Meridien (301),03.26Y125T4F3A3_1037,26Y125T4F3A3_1037,Door Left,2182.8,486.8,1,2184,488,17,GP_HDH17_125_OS_5900,GP_125_IRISH_CREA_MATT,GP_5900_FABRIC_CREAM_MAT,HDHMR,RE_75705_IRISH_CREAM_1MM,RE_75705_IRISH_CREAM_1MM,RE_75705_IRISH_CREAM_1MM,RE_75705_IRISH_CREAM_1MM,0
Godrej Meridien (301),03.26Y125T4F3A3_1036,26Y125T4F3A3_1036,Door Right,2182.8,486.8,1,2184,488,17,GP_HDH17_125_OS_5900,GP_125_IRISH_CREA_MATT,GP_5900_FABRIC_CREAM_MAT,HDHMR,RE_75705_IRISH_CREAM_1MM,RE_75705_IRISH_CREAM_1MM,RE_75705_IRISH_CREAM_1MM,RE_75705_IRISH_CREAM_1MM,0
Godrej Meridien (301),06.26Y125T4F3A3_1072,26Y125T4F3A3_1072,Base Filler,1478.8,98.8,1,1480,100,17,GP_HDH17_125_OS_5900,GP_125_IRISH_CREA_MATT,GP_5900_FABRIC_CREAM_MAT,HDHMR,RE_75705_IRISH_CREAM_1MM,RE_75705_IRISH_CREAM_1MM,RE_75705_IRISH_CREAM_1MM,RE_75705_IRISH_CREAM_1MM,0
Godrej Meridien (301),07.26Y125T4F3A3_1073,26Y125T4F3A3_1073,Base Filler,1478.8,98.8,1,1480,100,17,GP_HDH17_125_OS_5900,GP_125_IRISH_CREA_MATT,GP_5900_FABRIC_CREAM_MAT,HDHMR,RE_75705_IRISH_CREAM_1MM,RE_75705_IRISH_CREAM_1MM,RE_75705_IRISH_CREAM_1MM,RE_75705_IRISH_CREAM_1MM,0
Godrej Meridien (301),05.26Y125T4F3A3_1047,26Y125T4F3A3_1047,Filler On Set,97.8,1666.8,1,99,1668,17,GP_HDH17_125_OS_5900,GP_125_IRISH_CREA_MATT,GP_5900_FABRIC_CREAM_MAT,HDHMR,RE_75705_IRISH_CREAM_1MM,RE_75705_IRISH_CREAM_1MM,RE_75705_IRISH_CREAM_1MM,RE_75705_IRISH_CREAM_1MM,0
Godrej Meridien (301),01.26Y125T4F3A3_1051,26Y125T4F3A3_1051,Filler On Set,2282.8,73.8,1,2284,75,17,GP_HDH17_125_OS_5900,GP_125_IRISH_CREA_MATT,GP_5900_FABRIC_CREAM_MAT,HDHMR,RE_75705_IRISH_CREAM_1MM,RE_75705_IRISH_CREAM_1MM,RE_75705_IRISH_CREAM_1MM,RE_75705_IRISH_CREAM_1MM,0
Godrej Meridien (301),04.26Y125T4F3A3_1053,26Y125T4F3A3_1053,Filler On Set,2282.8,96.8,1,2284,98,17,GP_HDH17_125_OS_5900,GP_125_IRISH_CREA_MATT,GP_5900_FABRIC_CREAM_MAT,HDHMR,RE_75705_IRISH_CREAM_1MM,RE_75705_IRISH_CREAM_1MM,RE_75705_IRISH_CREAM_1MM,RE_75705_IRISH_CREAM_1MM,0
Godrej Meridien (301),02.26Y125T4F3A3_1096,26Y125T4F3A3_1096,Door Left,2182.8,486.8,1,2184,488,17,GP_HDH17_125_OS_5900,GP_125_IRISH_CREA_MATT,GP_5900_FABRIC_CREAM_MAT,HDHMR,RE_75705_IRISH_CREAM_1MM,RE_75705_IRISH_CREAM_1MM,RE_75705_IRISH_CREAM_1MM,RE_75705_IRISH_CREAM_1MM,0
Godrej Meridien (301),03.26Y125T4F3A3_1031,26Y125T4F3A3_1031,Right Side,2183.8,558.8,1,2185,560,17,GP_HDH17_5900_BS,GP_5900_FABRIC_CREAM_MAT,GP_5900_FABRIC_CREAM_MAT,HDHMR,RE_75705_IRISH_CREAM_1MM,E3_2098_Fabric28_1MM,E3_2098_Fabric28_1MM,E3_2098_Fabric28_1MM,0
Godrej Meridien (301),03.26Y125T4F3A3_1032,26Y125T4F3A3_1032,Left Side,2183.8,158.8,1,2185,160,17,GP_HDH17_5900_BS,GP_5900_FABRIC_CREAM_MAT,GP_5900_FABRIC_CREAM_MAT,HDHMR,RE_75705_IRISH_CREAM_1MM,E3_2098_Fabric28_1MM,E3_2098_Fabric28_1MM,E3_2098_Fabric28_1MM,0
Godrej Meridien (301),03.26Y125T4F3A3_1150,26Y125T4F3A3_1150,Left Side,2183.8,398.8,1,2185,400,17,GP_HDH17_5900_BS,GP_5900_FABRIC_CREAM_MAT,GP_5900_FABRIC_CREAM_MAT,HDHMR,RE_75705_IRISH_CREAM_1MM,E3_2098_Fabric28_1MM,E3_2098_Fabric28_1MM,E3_2098_Fabric28_1MM,0
Godrej Meridien (301),03.26Y125T4F3A3_1033,26Y125T4F3A3_1033,Bottom Shelf,944.8,558.8,1,946,560,17,GP_HDH17_5900_BS,GP_5900_FABRIC_CREAM_MAT,GP_5900_FABRIC_CREAM_MAT,HDHMR,RE_75705_IRISH_CREAM_1MM,E3_2098_Fabric28_1MM,E3_2098_Fabric28_1MM,E3_2098_Fabric28_1MM,0
Godrej Meridien (301),03.26Y125T4F3A3_1034,26Y125T4F3A3_1034,Top Shelf,944.8,558.8,1,946,560,17,GP_HDH17_5900_BS,GP_5900_FABRIC_CREAM_MAT,GP_5900_FABRIC_CREAM_MAT,HDHMR,RE_75705_IRISH_CREAM_1MM,E3_2098_Fabric28_1MM,E3_2098_Fabric28_1MM,E3_2098_Fabric28_1MM,0
Godrej Meridien (301),03.26Y125T4F3A3_1035,26Y125T4F3A3_1035,Fixed Shelf,944.8,528.8,1,946,530,17,GP_HDH17_5900_BS,GP_5900_FABRIC_CREAM_MAT,GP_5900_FABRIC_CREAM_MAT,HDHMR,E3_2098_Fabric28_1MM,E3_2098_Fabric28_1MM,E3_2098_Fabric28_1MM,E3_2098_Fabric28_1MM,0
Godrej Meridien (301),03.26Y125T4F3A3_1132,26Y125T4F3A3_1132,Fixed Shelf,944.8,528.8,1,946,530,17,GP_HDH17_5900_BS,GP_5900_FABRIC_CREAM_MAT,GP_5900_FABRIC_CREAM_MAT,HDHMR,E3_2098_Fabric28_1MM,E3_2098_Fabric28_1MM,E3_2098_Fabric28_1MM,E3_2098_Fabric28_1MM,0
Godrej Meridien (301),03.26Y125T4F3A3_1039,26Y125T4F3A3_1039,Adjustable Shelf,943.8,528.8,1,945,530,17,GP_HDH17_5900_BS,GP_5900_FABRIC_CREAM_MAT,GP_5900_FABRIC_CREAM_MAT,HDHMR,E3_2098_Fabric28_1MM,E3_2098_Fabric28_1MM,E3_2098_Fabric28_1MM,E3_2098_Fabric28_1MM,0
Godrej Meridien (301),03.26Y125T4F3A3_1134,26Y125T4F3A3_1134,Rail,872.8,98.8,1,874,100,17,GP_HDH17_5900_BS,GP_5900_FABRIC_CREAM_MAT,GP_5900_FABRIC_CREAM_MAT,HDHMR,RE_75705_IRISH_CREAM_1MM,E3_2098_Fabric28_1MM,E3_2098_Fabric28_1MM,E3_2098_Fabric28_1MM,0
Godrej Meridien (301),03.26Y125T4F3A3_1135,26Y125T4F3A3_1135,Rail,748.8,98.8,1,750,100,17,GP_HDH17_5900_BS,GP_5900_FABRIC_CREAM_MAT,GP_5900_FABRIC_CREAM_MAT,HDHMR,E3_2098_Fabric28_1MM,E3_2098_Fabric28_1MM,E3_2098_Fabric28_1MM,E3_2098_Fabric28_1MM,0
Godrej Meridien (301),03.26Y125T4F3A3_1136,26Y125T4F3A3_1136,Partition,181.8,458.8,1,183,460,17,GP_HDH17_5900_BS,GP_5900_FABRIC_CREAM_MAT,GP_5900_FABRIC_CREAM_MAT,HDHMR,E3_2098_Fabric28_1MM,E3_2098_Fabric28_1MM,E3_2098_Fabric28_1MM,E3_2098_Fabric28_1MM,0
Godrej Meridien (301),02.26Y125T4F3A3_1091,26Y125T4F3A3_1091,Right Side,2183.8,398.8,1,2185,400,17,GP_HDH17_5900_BS,GP_5900_FABRIC_CREAM_MAT,GP_5900_FABRIC_CREAM_MAT,HDHMR,RE_75705_IRISH_CREAM_1MM,E3_2098_Fabric28_1MM,E3_2098_Fabric28_1MM,E3_2098_Fabric28_1MM,0
Godrej Meridien (301),02.26Y125T4F3A3_1092,26Y125T4F3A3_1092,Left Side,2183.8,398.8,1,2185,400,17,GP_HDH17_5900_BS,GP_5900_FABRIC_CREAM_MAT,GP_5900_FABRIC_CREAM_MAT,HDHMR,RE_75705_IRISH_CREAM_1MM,E3_2098_Fabric28_1MM,E3_2098_Fabric28_1MM,E3_2098_Fabric28_1MM,0
Godrej Meridien (301),02.26Y125T4F3A3_1093,26Y125T4F3A3_1093,Bottom Shelf,454.8,398.8,1,456,400,17,GP_HDH17_5900_BS,GP_5900_FABRIC_CREAM_MAT,GP_5900_FABRIC_CREAM_MAT,HDHMR,RE_75705_IRISH_CREAM_1MM,E3_2098_Fabric28_1MM,E3_2098_Fabric28_1MM,E3_2098_Fabric28_1MM,0
Godrej Meridien (301),02.26Y125T4F3A3_1094,26Y125T4F3A3_1094,Top Shelf,454.8,398.8,1,456,400,17,GP_HDH17_5900_BS,GP_5900_FABRIC_CREAM_MAT,GP_5900_FABRIC_CREAM_MAT,HDHMR,RE_75705_IRISH_CREAM_1MM,E3_2098_Fabric28_1MM,E3_2098_Fabric28_1MM,E3_2098_Fabric28_1MM,0
Godrej Meridien (301),02.26Y125T4F3A3_1095,26Y125T4F3A3_1095,Fixed Shelf,454.8,368.8,1,456,370,17,GP_HDH17_5900_BS,GP_5900_FABRIC_CREAM_MAT,GP_5900_FABRIC_CREAM_MAT,HDHMR,E3_2098_Fabric28_1MM,E3_2098_Fabric28_1MM,E3_2098_Fabric28_1MM,E3_2098_Fabric28_1MM,0
Godrej Meridien (301),02.26Y125T4F3A3_1120,26Y125T4F3A3_1120,Fixed Shelf,454.8,368.8,1,456,370,17,GP_HDH17_5900_BS,GP_5900_FABRIC_CREAM_MAT,GP_5900_FABRIC_CREAM_MAT,HDHMR,E3_2098_Fabric28_1MM,E3_2098_Fabric28_1MM,E3_2098_Fabric28_1MM,E3_2098_Fabric28_1MM,0